geneid,n_sites,αCD3 5min,αCD3+αCD226 5min,αCD3+αICOS 5min,αCD3+αCD2 5min,αCD3 10min,αCD3+αCD226 10min,αCD3+αICOS 10min,αCD3+αCD2 10min
SRRM2,27,-0.292,-0.507,-1.527,-0.906,-0.495,-0.981,-0.025,-0.135
RASAL3,14,-1.822,-1.7685,-1.716,-1.5939999999999999,-1.5525,-1.875,-1.8215,-2.279
MKI67,14,0.779,0.8835,2.207,0.2885,0.3245,1.079,1.1645,1.2245
EMD,9,1.431,1.545,1.902,1.715,1.004,3.04,0.704,0.228
SRRM1,8,-5.6055,-0.679,-0.664,-0.3805,-0.616,-2.0564999999999998,-2.3335,-1.0619999999999998
STIM2,8,4.604,4.867,4.1739999999999995,4.652,3.8075,1.4689999999999999,1.198,2.811
IWS1,7,-1.123,0.19,-1.262,-2.08,-0.545,-0.96,-1.292,0.395
AKAP13,7,1.91,2.363,0.028,2.483,2.828,0.935,2.1,2.416
ATAD2,7,0.473,0.394,0.283,0.225,-0.21,1.206,0.297,0.053
ARHGAP45,6,-3.6310000000000002,-1.5964999999999998,-3.967,-3.2279999999999998,-1.249,-2.9715000000000003,-2.7750000000000004,-1.4180000000000001
NFATC2,6,-1.1995,-1.475,-1.0750000000000002,-2.0115,-0.71,-0.6779999999999999,-0.7715,-1.3845
RBL2,6,0.07950000000000002,-0.2525,-0.1925,-0.8955,-0.53,1.0635000000000001,-0.15250000000000002,0.1345
RANBP2,6,0.6365,0.094,0.681,1.069,1.3425,0.6295,0.9675,2.5650000000000004
CHAMP1,6,-0.07500000000000001,0.055,-0.12150000000000002,-0.48950000000000005,-0.055,1.006,0.5239999999999999,-0.25049999999999994
PRRC2A,6,3.216,4.4885,3.7504999999999997,4.7615,1.4715,1.5955,2.4055,2.748
CNK3,6,3.008,3.225,3.468,3.084,3.055,2.88,3.771,3.833
ARHGAP35,5,0.288,1.035,0.916,-0.408,0.006,0.771,2.269,0.486
ZC3H13,5,0.284,1.011,0.688,0.943,4.091,2.962,2.995,3.992
TMPO,5,0.052,-3.067,-0.275,0.476,-3.543,-0.911,-1.937,-1.295
STK10,5,-1.084,-1.18,-1.147,-1.262,-1.575,-1.512,-1.474,-2.369
RB1,5,1.046,1.097,0.978,0.614,1.137,1.182,1.553,1.17
RCSD1,5,1.773,1.922,2.182,2.699,0.907,0.84,1.23,1.909
LIMA1,5,2.632,2.989,2.864,1.596,0.915,0.5,1.141,1.066
MAP7D1,5,1.995,1.957,2.19,0.021,0.746,0.471,1.068,1.253
BUD13,5,-0.311,-0.227,-1.173,-2.274,-0.853,-0.264,-0.359,0.016
ANKRD17,5,-1.181,-1.194,-2.968,-1.576,-2.854,-0.601,-1.765,-1.298
AHNAK,5,1.872,1.082,2.257,2.57,1.569,1.796,2.595,1.604
DBNL,5,1.893,0.997,1.252,1.557,0.77,0.14,0.443,0.226
CARD11,5,-2.266,-1.98,-0.261,-1.279,0.004,-1.027,-0.532,-0.615
BOD1L1,5,3.047,4.184,2.565,4.228,1.743,1.467,3.632,3.037
NCOR1,5,-1.927,-4.675,-4.411,-3.156,-4.482,-1.192,-1.348,-2.396
MYCBP2,5,2.882,1.256,1.745,1.327,2.211,2.406,1.55,3.298
CDCA2,5,0.557,-0.447,-0.514,0.995,0.947,-0.086,0.528,2.11
MORC2,4,-0.4085,-0.1075,-2.0935,-0.3115,-0.414,-0.7715000000000001,-1.837,-2.2975
NAP1L4,4,0.7915,-0.08050000000000002,0.20300000000000007,-0.453,-1.0715000000000001,0.285,-0.33799999999999986,0.16750000000000004
POLR2A,4,0.2425,1.6395000000000002,1.0475,2.202,0.03399999999999981,0.9039999999999999,3.7095,0.984
ARID1A,4,-2.335,-0.6845,-2.1094999999999997,-0.26699999999999996,-2.344,-4.5305,-0.23900000000000002,-1.7705000000000002
STK11IP,4,2.491,3.722,2.984,3.6955,4.2005,2.843,3.5294999999999996,2.7015000000000002
LRRFIP1,4,2.438,1.2810000000000001,0.7320000000000001,-0.36250000000000004,2.2205,3.6685,2.155,1.7505000000000002
MED1,4,0.4265000000000001,-1.403,-0.2855,-1.8964999999999999,-1.742,0.16399999999999998,0.2835,-0.010000000000000009
CBLB,4,1.8479999999999999,0.7095,2.6685,2.54,0.49450000000000005,1.704,2.4130000000000003,2.6029999999999998
NUP153,4,3.0989999999999998,1.6985000000000001,2.2355,2.732,2.8360000000000003,1.6175000000000002,3.407,4.164
TICRR,4,1.8635,3.4375,4.8255,5.5655,5.284,1.859,1.3475000000000001,5.2044999999999995
ZNF609,4,-1.1235,-1.225,0.0655,-0.8174999999999999,0.319,-0.046999999999999986,-0.2695,-1.2405
TASOR,4,4.132,4.8335,2.941,4.236,3.229,2.456,3.2984999999999998,4.441
SRSF7,4,-2.745,-1.9084999999999999,-3.377,-3.516,-2.9779999999999998,-0.23299999999999998,0.341,-1.854
TPR,4,1.141,1.84,2.2685,4.0055,0.5950000000000001,0.4165,0.6855,3.3515
RFC1,4,0.515,-0.9764999999999999,-2.0125,0.28099999999999997,0.12,0.068,-0.5209999999999999,-0.8395
SASH3,4,4.303,3.9565,3.641,3.553,2.181,1.589,1.8880000000000001,2.8405
RPS6KA3,4,4.5635,4.550000000000001,4.574,5.5275,2.7199999999999998,3.8395,2.6029999999999998,3.5164999999999997
ATAD5,4,0.509,-0.28550000000000003,-0.11499999999999999,-0.7745,-0.7845,-0.561,-0.044999999999999984,-1.1205
ARHGEF6,4,1.3545,1.67,1.471,1.8980000000000001,-0.29200000000000004,0.7404999999999999,-0.232,1.2785
IRF2BP2,4,1.3755000000000002,2.1985,1.6625,3.2605,3.3785,1.9825,2.58,1.8024999999999998
FYB1,4,3.8135,3.1155,4.0305,2.8585,2.8265000000000002,0.33699999999999997,2.893,2.772
KAT6A,4,1.804,2.9305,0.109,3.1535,0.4,-0.378,1.869,2.616
JMJD1C,4,3.9479999999999995,2.2199999999999998,0.653,1.5034999999999998,1.2725,2.5715,1.8145,0.46049999999999996
LAT,4,-1.2665,0.877,0.581,0.36,0.167,0.49749999999999994,0.0305,-2.587
KRI1,4,0.221,0.751,0.978,1.163,2.829,2.803,1.009,0.86
GOLGA8O,4,2.556,3.4560000000000004,2.2925,2.6835,2.5675,1.854,2.5375,3.219
GIGYF2,4,1.34,1.6275,1.6425,1.8115,1.063,0.611,1.2774999999999999,1.7225000000000001
BORA,4,-2.069,-2.175,-3.433,-2.096,-1.767,-1.1600000000000001,0.553,-3.1005000000000003
PCNT,4,2.96,3.0324999999999998,1.178,1.8905,2.5454999999999997,1.7614999999999998,1.0175,3.2925
PHRF1,4,1.139,0.9430000000000001,1.168,4.711,0.006,-0.086,-0.025,2.958
ZBTB21,4,1.2505,0.5905,1.6225,3.543,0.4645,1.4949999999999999,0.9745,1.085
CRYBG1,4,0.288,0.094,1.291,2.412,0.006,-0.086,0.553,0.759
WDR62,4,3.5820000000000003,4.6885,3.2665,3.516,0.634,0.441,2.4435000000000002,2.2185
CXCR4,4,2.0805,2.985,1.7755,1.8264999999999998,0.7615000000000001,0.789,1.611,1.4369999999999998
EPB41,4,-0.10549999999999998,0.165,0.40549999999999997,-0.7255,-0.41,-0.1205,0.13549999999999995,-0.9229999999999999
PRRC2C,4,-0.453,-0.11299999999999999,-0.691,-1.4024999999999999,-1.3295000000000001,-0.36350000000000005,-2.8455000000000004,-2.298
BCL9L,4,-0.478,-5.1465,-1.0645,-4.6915,-1.3070000000000002,-0.223,-2.4684999999999997,-4.385
PHACTR4,4,4.1,4.27,4.3975,4.234500000000001,1.1744999999999999,1.3305,4.275,0.837
RPS6KA1,4,5.6885,5.6345,5.984999999999999,3.4245,4.4755,4.9510000000000005,5.855,2.991
CCDC88B,4,-1.392,1.509,0.744,0.5740000000000001,-0.2405,-0.691,-0.031000000000000028,-1.9369999999999998
ARHGAP30,3,-1.758,-0.749,-1.474,-0.832,-1.993,-2.551,-1.554,-2.274
ARHGAP11A,3,0.768,1.218,1.132,1.532,0.838,1.046,1.083,1.603
ABLIM1,3,-0.107,0.315,1.821,-0.428,2.489,2.232,0.344,1.175
VASP,3,6.944,7.134,7.57,6.6,5.96,7.003,1.936,7.057
TRIP12,3,1.345,-2.291,1.852,-2.031,0.879,0.46,0.941,2.537
THRAP3,3,1.456,4.018,1.195,2.289,2.214,1.98,2.402,2.216
TP53BP1,3,-0.439,-2.736,-4.311,-0.506,0.069,-1.097,0.278,-0.656
TRIM28,3,1.22,2.199,2.395,2.325,0.342,3.214,2.785,3.497
TLK1,3,3.32,1.341,0.636,1.249,3.938,2.834,1.158,1.186
ARFGEF2,3,-0.707,-4.192,-3.932,-0.84,-4.053,-0.878,-3.396,-4.31
ARAF,3,3.628,3.119,3.923,3.782,3.242,3.598,3.751,3.918
RPRD2,3,1.264,1.291,1.194,1.621,0.682,0.846,1.12,2.041
RIF1,3,-3.593,-0.024,-2.135,-0.901,-0.866,-0.086,-1.052,-0.364
RICTOR,3,0.088,0.294,-0.552,0.058,-0.419,-0.666,2.01,-0.616
SLC2A1,3,-0.214,0.697,-0.474,1.537,1.413,0.573,0.311,0.272
SEC16A,3,-1.325,-0.187,0.115,0.034,-0.467,-0.294,-2.336,-2.937
SETD1A,3,0.941,4.266,3.793,4.498,3.216,3.587,3.811,3.873
SF3B1,3,-0.155,0.354,2.251,0.565,0.77,1.53,1.502,0.56
SH3GL1,3,0.99,3.717,1.064,0.36,3.391,0.12,0.688,0.216
ATRX,3,1.865,0.094,5.283,1.445,3.424,1.405,2.777,2.253
ATXN2L,3,0.615,-2.013,1.038,-2.315,0.482,-1.781,-2.211,-1.648
SYNE2,3,0.997,0.755,0.415,0.701,1.025,1.034,1.408,1.568
TOR1AIP1,3,-2.05,0.321,0.517,0.269,0.183,0.7,-2.001,2.252
STMN1,3,2.398,2.451,2.287,2.247,1.424,1.826,2.105,2.464
SLC4A7,3,-2.743,-2.054,-1.042,-0.868,-0.145,-1.529,-3.269,-2.951
SMARCA4,3,0.436,0.789,0.014,0.821,3.56,3.326,3.641,0.324
SNX17,3,0.74,0.74,2.066,2.724,0.181,0.378,0.628,1.571
TBC1D10B,3,0.288,-0.044,0.073,0.459,-0.035,-0.022,0.267,0.438
UTP14A,3,1.769,2.451,1.968,2.507,0.019,1.993,2.328,2.751
TPD52,3,4.742,4.266,1.876,4.174,4.399,4.434,1.941,4.449
PLEC,3,1.438,0.596,1.347,1.084,0.772,0.082,1.049,2.169
PAK2,3,-3.149,-2.859,-3.166,-3.215,-3.439,-3.385,-3.451,-3.079
PDHA1,3,-3.54,-2.485,-1.887,-3.834,-0.547,-3.217,-0.236,-3.891
BSG,3,1.643,1.531,0.028,1.469,2.941,0.1,1.386,1.513
PLEKHO1,3,1.579,-0.248,1.698,0.523,0.006,0.791,1.16,1.195
RAPGEF1,3,1.635,2.79,1.761,1.485,1.453,1.102,-1.121,-0.036
PTDSS1,3,1.6,1.369,2.653,1.71,1.305,1.048,0.615,2.663
RAF1,3,1.284,1.935,3.259,0.984,3.177,0.752,1.622,1.152
PPFIBP2,3,1.735,0.372,2.586,1.964,0.699,0.178,0.439,2.109
BCL11B,3,-0.822,-0.628,-1.798,-3.589,-3.47,-2.667,-2.688,-3.512
BRAP,3,0.488,0.075,1.928,1.029,1.019,3.341,3.975,0.73
PRKD2,3,2.276,2.324,2.084,2.962,1.499,0.925,1.811,3.103
RAPGEF6,3,1.181,0.775,0.67,2.816,1.099,1.232,0.589,0.934
MAP2K2,3,0.772,0.859,2.211,3.403,0.019,0.713,2.371,2.882
LIMK1,3,2.085,5.136,1.15,5.38,0.006,-0.086,0.353,1.007
MCM4,3,-4.587,-2.429,-1.229,-1.465,-1.037,-0.962,-5.057,-1.116
LEMD3,3,-0.728,-3.363,-3.642,-4.596,-0.637,0.0,-3.348,-3.091
MAST4,3,2.756,3.569,2.872,3.797,2.839,3.209,3.329,3.582
MAP4K4,3,1.359,1.102,1.382,1.838,1.261,1.414,1.292,1.811
MDC1,3,0.567,3.806,1.563,0.461,-0.097,0.208,-0.566,0.42
MARF1,3,0.257,1.134,0.391,2.073,0.006,-0.086,-0.025,1.177
CARHSP1,3,0.81,0.439,1.876,2.035,0.259,1.012,0.652,-0.417
CBLL1,3,3.179,1.155,3.126,3.976,0.637,0.768,0.356,2.938
NOL8,3,1.205,1.39,2.124,4.025,0.006,1.824,0.673,0.69
NSD1,3,0.288,0.094,1.483,2.41,0.006,1.154,1.055,0.564
MYO9B,3,-0.976,-0.474,-0.868,-1.863,-1.694,-1.486,-0.786,-1.086
NELFE,3,2.454,2.28,2.724,2.994,0.339,0.564,0.658,1.409
MICALL1,3,-4.557,-4.555,-5.45,-5.591,-2.367,-5.563,-5.503,-5.513
MPRIP,3,6.856,7.327,6.857,6.589,6.726,2.197,7.35,5.915
NBEAL2,3,1.19,2.786,3.515,3.497,-0.571,-0.098,0.531,0.259
PRKCQ,3,0.857,0.893,0.696,1.175,0.68,0.899,0.89,4.368
PRKCB,3,4.807,1.825,3.113,4.701,1.618,1.54,1.524,1.784
PPP1R18,3,-1.416,-1.633,-1.981,-2.252,-1.608,-1.575,-2.463,-2.433
R3HDM1,3,1.707,5.799,2.077,2.367,2.263,4.574,3.105,3.902
CEP170,3,1.564,2.43,2.098,2.437,1.52,0.858,1.694,3.164
IGF2R,3,2.361,3.046,2.988,3.005,1.824,0.939,1.769,2.389
KHDRBS1,3,1.946,1.506,1.659,1.348,2.611,3.774,0.963,1.538
INPP5D,3,0.929,0.495,1.08,3.197,0.006,1.104,1.248,1.109
INCENP,3,2.342,-0.462,2.363,1.696,1.65,1.942,0.589,2.157
KLHDC4,3,2.936,3.015,2.447,4.523,3.201,2.854,2.757,4.475
JUNB,3,-0.045,1.528,-0.501,0.018,-0.601,0.362,-0.902,1.261
KNL1,3,0.943,1.243,0.792,1.604,0.496,0.633,0.528,-0.036
LARP1,3,1.72,1.84,1.827,2.208,1.146,1.176,1.799,2.109
LCP2,3,2.948,5.268,4.251,1.668,4.767,5.288,4.069,5.062
MAP3K7,3,-3.185,0.442,0.219,-2.581,0.261,-0.196,-2.553,-3.265
EIF4B,3,4.372,4.689,4.182,5.698,3.108,7.208,2.869,7.74
FAM193A,3,3.934,4.0,4.025,4.818,1.11,0.861,3.124,4.147
GIT1,3,0.288,0.939,1.529,-0.102,0.575,0.866,0.581,0.877
GMIP,3,-1.437,-1.765,-0.24,-1.866,0.078,-0.531,-0.443,0.556
GIGYF1,3,0.816,1.718,4.494,2.374,1.359,0.894,1.663,2.347
GTSE1,3,1.238,1.143,0.969,5.412,0.704,0.365,1.098,4.298
HCLS1,3,1.835,2.245,1.735,2.999,0.085,0.487,0.475,1.125
GBF1,3,-1.308,-2.231,-1.478,-2.215,-1.99,-2.538,-2.253,-2.164
CEP131,3,3.641,3.157,3.271,4.252,2.003,1.0,1.227,4.003
C2orf49,3,2.159,1.815,1.249,3.168,1.212,0.132,0.765,1.101
CDC25B,3,0.581,3.762,2.936,1.121,2.748,2.778,0.667,3.153
DPYSL2,3,-1.914,-2.22,-2.257,-0.113,-2.747,-0.784,-1.194,-0.76
DIAPH3,3,-0.732,0.358,0.57,1.005,-0.256,-0.472,-3.553,-1.164
ETS1,3,-0.883,-0.238,-0.099,-0.354,-1.695,-1.907,-1.46,-1.82
EIF4G3,3,0.937,0.02,0.976,-0.113,-0.465,0.919,-0.025,0.913
EP300,3,4.062,1.688,-0.793,4.973,-0.815,1.298,0.306,0.494
CLASP1,3,1.968,1.14,1.186,1.71,2.147,3.724,1.297,0.497
DENND4C,3,1.361,2.454,2.018,6.044,5.21,5.504,4.339,1.328
DDX20,3,0.181,0.888,0.782,1.986,0.411,0.285,1.11,-0.036
DOCK2,3,-0.247,-3.898,-0.882,-3.885,-0.949,-0.544,-0.271,-1.219
DTL,3,-6.303,0.371,-5.314,-4.566,-0.989,-4.901,-5.976,-6.821
ETV3,3,2.632,2.819,3.059,3.141,1.792,2.606,2.676,2.574
CLIP1,3,0.75,0.094,0.723,0.685,0.965,0.865,1.464,0.729
CD2AP,3,0.288,0.619,0.578,-0.236,0.006,-0.086,-0.025,4.613
AFTPH,3,1.427,4.21,2.83,3.02,3.225,1.346,1.377,2.133
AFDN,3,0.39,0.039,0.337,3.048,0.117,0.931,0.827,3.551
ACIN1,3,-0.066,0.135,0.199,-2.164,-0.168,0.052,-0.101,0.224
ABI3,3,3.899,3.764,4.079,4.685,0.554,3.524,3.068,-0.032
AKAP11,3,1.875,1.36,2.067,2.316,1.259,0.974,1.63,2.158
AGAP2,3,5.433,1.634,0.664,2.664,2.854,1.456,0.532,3.304
WASHC2A,3,4.622,4.025,3.606,4.024,3.069,4.289,3.788,4.185
AAK1,3,-0.977,-3.335,-3.09,-3.416,-1.48,-1.141,-1.39,-0.738
WDR44,2,-0.11800000000000002,1.207,-1.078,2.417,-1.3905,-0.9474999999999999,0.3524999999999998,0.3965000000000003
ZEB1,2,-4.266,-4.44,-5.509,-0.241,-5.531,-5.623,-4.467,-5.573
ZNF217,2,1.9485,3.186,1.3815,3.04,1.0105,2.4779999999999998,0.471,0.46299999999999997
ZC3H18,2,0.611,1.4785,0.29649999999999993,-1.3809999999999998,1.2235,0.9165000000000001,0.15799999999999997,-0.5675
VAV1,2,1.871,1.1785,2.8585000000000003,3.4825,2.6395,0.2,2.1784999999999997,3.4745
VCPIP1,2,-5.535,-5.664,-1.3955,-5.6475,-5.0645,-2.9850000000000003,-2.3255,-5.3555
TRIM22,2,3.3235,4.155,3.5645,7.455,0.952,0.5275,0.5905,3.404
CIC,2,4.117,1.0805,1.711,1.5015,3.728,1.4275,2.7119999999999997,3.713
CRTC2,2,4.1485,1.3995000000000002,1.6844999999999999,2.7904999999999998,4.253,1.4415,1.584,1.965
CIT,2,0.04200000000000001,1.6115000000000002,0.102,-2.625,0.112,1.5795,0.21050000000000002,1.8355
CEP55,2,0.9625,1.79,2.588,1.1424999999999998,2.275,1.4189999999999998,2.8945,2.385
APOBR,2,-1.2135,1.651,-1.2624999999999997,-1.2349999999999999,-1.2925,-1.767,-0.49350000000000005,1.049
ARAP1,2,2.169,2.563,2.552,3.052,1.416,0.116,0.661,1.601
AREL1,2,1.012,4.053,0.028,0.681,1.945,1.84,-0.025,0.84
USP1,2,1.6115,2.056,1.512,3.9365,0.6505,0.5945,0.48650000000000004,1.85
USP36,2,1.5105,1.335,2.0115000000000003,1.1565,2.1879999999999997,3.6315,1.439,3.1205
UTP18,2,1.7035,-1.022,-1.2535,0.7770000000000001,1.5095,0.22399999999999998,-1.8235000000000001,0.2885
UTP3,2,-1.7854999999999999,-1.9525000000000001,-0.954,-1.13,-2.1710000000000003,-1.8010000000000002,-2.1105,-2.3415
UNK,2,-2.508,-4.244,-3.953,-2.9485,-2.605,-3.5484999999999998,-2.7965,0.2325
URI1,2,2.6925000000000003,3.211,3.3435,2.9884999999999997,3.0785,3.3845,5.4565,4.0345
VGLL4,2,0.667,-0.5349999999999999,0.646,1.3915,-0.2635,-3.272,0.12650000000000003,0.357
UGP2,2,1.8865,2.5335,1.008,1.79,0.9545,1.0895,0.8075,2.1165000000000003
THOC2,2,-0.8194999999999997,-0.06400000000000006,-0.24449999999999994,2.4345,-2.2015000000000002,-2.248,1.5755000000000001,-2.7640000000000002
TCOF1,2,-2.352,-3.2715,-3.8985000000000003,-2.9005,-2.9045,-3.1075,-1.7125,-4.0815
TRPM7,2,0.44599999999999995,0.42199999999999993,1.5025,1.9674999999999998,3.2645,1.7105,1.6925,0.4185000000000001
TRAFD1,2,4.986000000000001,1.6065,0.0165,5.279,4.647,4.614,0.8285,1.0245
SYNRG,2,5.112,4.184,4.615,2.0949999999999998,3.189,3.5940000000000003,4.556,3.7085
STXBP5,2,0.43,0.8315,3.1165000000000003,2.5854999999999997,2.2185,0.4535,1.137,2.8075
SUB1,2,0.2715,1.396,1.0285,0.4075000000000001,0.34550000000000003,0.992,5.3605,5.2355
TAGAP,2,1.0475,1.5514999999999999,1.8515000000000001,0.6804999999999999,2.0359999999999996,1.2654999999999998,-0.008,-0.04349999999999993
TAOK3,2,2.923,1.7835,3.0415,3.3075,1.5855000000000001,1.2705,3.196,3.116
SYNE1,2,3.506,2.714,2.2485,3.6820000000000004,2.0355,3.0115,1.7925,2.9375
TMF1,2,3.4395,3.7145,3.7375,4.31,2.453,1.191,1.6764999999999999,3.8115
TMIGD2,2,-1.438,-0.37049999999999983,-2.2385,-0.9,-0.454,1.2945,-1.277,-1.7215
SVIL,2,-0.8374999999999999,-1.7120000000000002,-1.4855,-1.288,-1.437,0.615,-1.8235000000000001,-1.8845
SYMPK,2,-0.10950000000000004,-0.508,-0.15399999999999991,0.5945,-0.4275,0.5625,0.4085,1.1595000000000002
STAT1,2,2.6790000000000003,0.4655,1.0859999999999999,0.053500000000000006,1.51,1.1105,1.9255,0.18700000000000003
TOP2B,2,-0.17700000000000005,-1.6975,-0.9029999999999999,-1.9445000000000001,-2.268,-2.752,-1.151,-1.272
TOPBP1,2,3.5705,2.309,2.3745,3.534,0.9755,1.0415,1.5525,1.683
SRPK2,2,-0.37,-6.0954999999999995,-4.0935,-6.465,0.0295,-4.1434999999999995,-5.4465,-4.75
DCP1A,2,-1.0825,-1.085,-1.1560000000000001,-1.7149999999999999,-0.6525,-1.27,-1.1585,-1.4355
DDX17,2,1.3945,1.5434999999999999,1.388,4.3155,-1.1445,-0.48,0.5635,1.034
ZZEF1,2,2.083,2.297,1.42,2.666,1.202,1.202,1.19,2.335
CWC22,2,0.467,0.694,-0.258,3.163,2.295,0.899,2.575,1.748
CLASP2,2,1.534,0.4475,0.518,2.6805,0.754,0.4,0.40049999999999997,0.9349999999999999
AATF,2,-1.401,-2.72,-2.091,-2.368,-2.584,-2.38,-0.936,-0.994
ABI1,2,0.9815,1.284,0.6779999999999999,3.185,1.6225,1.6445,2.435,3.192
STAU2,2,0.368,0.5965,0.16400000000000015,-0.9295,-0.4335,0.002000000000000224,0.9955,-0.25949999999999984
STIM1,2,3.2800000000000002,3.0925,3.09,2.7045000000000003,2.6710000000000003,2.9219999999999997,1.561,3.035
SPECC1L,2,1.2109999999999999,3.593,1.1025,0.8865,3.5675,1.7515,3.175,2.823
SPEN,2,-1.032,-1.012,-2.0005,-0.38249999999999984,-0.25249999999999995,-2.548,0.0714999999999999,0.20500000000000007
SORBS3,2,1.2269999999999999,2.002,3.617,3.738,4.138,3.273,0.2325,3.572
TBC1D22B,2,2.7005,5.2415,3.191,6.117,2.095,3.0015,2.2375,3.3375
ARHGEF2,2,3.1260000000000003,3.3440000000000003,3.059,2.346,4.3525,3.093,2.8685,4.496
SMG9,2,-4.518,-3.54,-0.046,-4.739,-4.821,-6.0,-0.379,-3.634
SNAPC4,2,-2.7359999999999998,-2.7969999999999997,-1.3684999999999998,2.5475,-1.4290000000000003,-2.884,-1.262,2.9735
SMARCAD1,2,5.7795000000000005,5.3325,3.9565,4.007,6.051,4.237,6.298,5.705500000000001
SMARCD2,2,2.5345,0.7155,2.4615,2.278,0.4504999999999999,0.21950000000000003,2.2045,0.02400000000000002
SFMBT1,2,-3.2155,-1.0590000000000002,-1.984,-1.0470000000000002,-2.1095,-0.4335,-2.8395,-2.868
SNAP23,2,-3.939,-1.364,-3.62,-3.643,-3.441,-4.292,-1.325,-4.377
SLX4IP,2,1.7575,3.3985,2.5885000000000002,2.1695,0.8460000000000001,0.4375,0.9325,2.144
ATXN2,2,1.539,1.385,0.982,1.101,6.405,2.68,2.289,2.649
SIPA1,2,3.518,1.636,4.032,5.216,1.07,2.908,3.955,4.718
SETX,2,1.542,0.9525,2.1415,2.189,1.135,1.0485,3.692,0.754
ARID2,2,-1.1505,0.974,-1.81,1.8135,-1.227,1.0494999999999999,-0.5040000000000001,4.0809999999999995
ATP2B1,2,1.1895,3.178,0.9285,0.7770000000000001,0.22249999999999998,3.077,1.165,0.8425
RPS6KB1,2,2.325,3.0825,2.319,3.3615000000000004,1.1815,1.158,2.015,2.884
RPTOR,2,2.578,2.795,2.144,2.776,1.182,2.572,0.478,2.848
ARHGAP5,2,2.6355,2.8285,2.4050000000000002,2.3645,2.0465,2.601,3.0955000000000004,3.1725000000000003
SLC19A1,2,0.7995,1.4044999999999999,3.44,1.336,1.533,1.2175,0.552,1.3975
SAP30BP,2,-0.693,-1.335,-4.448,-0.817,-2.9005,-2.2535,-3.356,-1.931
DMTN,2,3.909,4.838,4.621,4.671,3.542,3.714,1.055,0.241
DYNC1LI1,2,0.3505,0.34249999999999997,-1.269,2.6134999999999997,-0.914,-1.569,-1.3485,0.45149999999999996
E2F8,2,1.6875,0.848,2.5385,3.8815,1.3815,1.4205,2.086,2.309
EVL,2,1.6875,1.9745,1.5545,2.0095,1.076,1.262,0.9145000000000001,1.621
DIDO1,2,0.8835,-1.117,-1.0899999999999999,2.04,-0.12199999999999989,0.7119999999999997,-0.6729999999999999,0.383
DEAF1,2,4.1745,4.424,4.411,3.2595,3.797,1.3995,1.5554999999999999,2.0869999999999997
DENND4B,2,-0.587,-4.453,-6.044,-6.691,-6.107,-0.53,-5.0,-0.474
SIRT1,2,-5.373,-6.709,-2.5054999999999996,-5.9775,-5.446,-2.521,-5.609999999999999,-4.7665
SGTB,2,3.294,3.3689999999999998,4.936,5.0645,4.537,0.6164999999999999,4.906000000000001,5.263999999999999
SH2D3C,2,0.8765000000000003,0.6395,1.3780000000000001,1.1384999999999998,-0.4615,-1.904,-2.0345,2.4315
SHKBP1,2,1.19,0.094,1.6185,0.48450000000000004,0.489,3.476,3.3605,2.3125
RIPK1,2,-3.578,0.728,-0.107,0.457,0.246,0.355,-4.053,-5.746
SGTA,2,1.8975,1.4525000000000001,1.994,2.3085,2.179,2.329,4.1075,1.6075000000000002
SEC61B,2,0.938,2.9575,5.1,1.585,3.8475,4.8805,3.924,4.489000000000001
RGS3,2,-3.241,-3.028,-2.928,-4.768,-2.98,-2.2199999999999998,-2.7605,-3.9775
RIC1,2,1.1335,3.1875,1.2505,3.5555000000000003,0.782,2.597,2.9985,0.971
SEPTIN6,2,1.6025,1.4205,1.3944999999999999,1.651,1.1495,1.249,0.929,0.8554999999999999
SEPTIN1,2,0.6675,0.7415,-2.3714999999999997,-0.4215,-2.8979999999999997,0.49049999999999994,0.3225,-1.9220000000000002
RBM7,2,3.1275,3.279,3.071,3.63,2.935,3.7809999999999997,3.1470000000000002,3.8280000000000003
RBL1,2,2.2929999999999997,2.091,2.02,1.8515000000000001,2.0115,1.5940000000000003,1.1644999999999999,1.5025
RBM10,2,2.5615,2.2045000000000003,2.552,2.2945,2.0285,2.2079999999999997,2.789,2.5045
RBM14,2,2.0685,0.8245,1.2165,4.849,1.965,1.2930000000000001,1.7785,2.0315
REPS1,2,2.738,2.7075,2.486,4.574,1.2879999999999998,1.227,3.699,2.6710000000000003
RERE,2,-0.1265,0.6435,1.033,2.822,0.5559999999999999,1.1,1.0655000000000001,0.537
RBM15,2,-4.49,-1.9925,-2.057,-0.20400000000000001,-1.9985,-2.55,-2.046,-2.134
RBBP6,2,1.4300000000000002,5.1045,1.646,2.5915,5.273,0.2945,3.4859999999999998,0.030500000000000003
RNF31,2,-1.042,-1.0715,-2.3345000000000002,-2.2015000000000002,-2.029,-1.5675000000000001,-2.497,-2.1710000000000003
RASA3,2,4.196,4.714,2.312,2.9455,3.0305,3.859,2.9604999999999997,2.8195
RAB11FIP1,2,-0.8295,-0.21000000000000002,-1.4995,-1.4955,-0.828,-0.5774999999999999,-0.8435,1.21
PTPN7,2,2.488,2.4405,2.862,3.0005,2.207,2.2385,3.0,3.3514999999999997
PUM2,2,3.1775,5.8065,4.6705000000000005,4.242,4.115,5.2905,3.982,3.38
RALY,2,-0.4805,-0.42500000000000004,-0.746,-2.0885,-1.4244999999999999,-1.308,-3.178,-1.3395000000000001
FXR1,2,-2.091,-2.3525,-1.351,-1.3765,-0.887,-1.019,-1.0675000000000001,-1.1895
EMB,2,-0.46699999999999997,-2.5330000000000004,-0.265,-2.097,0.10400000000000001,-0.2725,-1.7365,-2.164
EML3,2,6.635,6.7780000000000005,4.673500000000001,4.754,0.6865,0.0020000000000000018,4.2225,0.753
EML4,2,2.24,3.4114999999999998,2.8085,2.1914999999999996,1.0555,1.116,0.9464999999999999,1.863
FRMD4B,2,4.378,2.5335,1.3775,3.151,2.995,2.068,2.9989999999999997,1.1385
EIF5B,2,3.207,3.271,1.699,3.6395,2.689,3.3295000000000003,1.4545000000000001,1.796
FUBP1,2,-0.7969999999999999,2.186,-1.4775,0.5015000000000001,0.6960000000000001,-0.9925,0.4825,-1.1985
FOXK1,2,0.847,1.0405,0.864,-0.176,0.12999999999999995,0.9019999999999999,-0.30299999999999994,0.9994999999999999
DOCK8,2,2.675,1.996,1.324,4.3055,1.0705,1.095,1.4325,0.62
EEF2,2,-1.51,-2.7215,-2.169,-4.302,0.346,-1.161,-0.922,0.257
RABGAP1,2,-0.05550000000000001,-3.2074999999999996,-1.6075000000000002,-3.673,-2.9125,-3.9005,-1.2340000000000002,-3.292
RECQL4,2,-1.8074999999999999,-0.4535,1.2129999999999999,1.584,-1.366,-3.088,0.5235000000000001,-0.7755000000000001
PRKCD,2,1.5655000000000001,2.8145,2.582,3.292,2.8585000000000003,3.015,3.766,4.5015
BAZ1A,2,2.706,1.0375,2.2274999999999996,3.0105,1.6484999999999999,0.8135,0.8415,4.312
BAZ1B,2,3.707,3.6620000000000004,1.125,3.689,2.7119999999999997,1.5245000000000002,1.6725,2.417
BAZ2A,2,-2.9619999999999997,-1.8345,-4.0125,-3.6830000000000003,-4.2895,-2.081,-2.262,-3.6235
PRR12,2,0.9710000000000001,1.2495,0.519,0.729,3.093,0.48500000000000004,1.4220000000000002,0.976
PRKAA1,2,-2.756,-0.28700000000000037,-0.5569999999999999,1.3944999999999999,-0.07600000000000007,-0.7224999999999997,-0.2795000000000001,1.6364999999999998
PPP1R10,2,2.1745,2.7785,2.351,7.0055,0.33299999999999996,0.0305,0.4,2.3495
PPP1R12A,2,4.2905,4.423,4.494,5.6745,3.1985,4.13,4.1775,4.6345
PPP1R13L,2,2.07,2.597,2.779,2.705,1.86,2.034,2.334,2.854
BRAF,2,0.5830000000000001,2.3209999999999997,2.142,1.9490000000000003,2.543,-0.6775,0.638,0.39549999999999996
BTF3,2,1.7565,3.276,3.032,4.0115,2.297,2.4875,1.0275,1.5265
PLEKHM1,2,1.9300000000000002,4.9625,5.038,2.7039999999999997,0.07350000000000001,1.1705,-0.39,3.4989999999999997
PIK3R5,2,0.641,4.4735,1.0805,3.6795,2.291,2.685,2.2935,1.2835
BCL7B,2,2.251,2.431,2.469,-0.113,2.495,2.34,0.993,5.917
PLCG1,2,4.5035,7.5175,4.4195,8.190000000000001,4.079,1.922,4.938,7.670999999999999
BAD,2,1.4205,1.806,2.409,2.165,1.5924999999999998,2.017,2.8745,2.474
BIN2,2,2.601,2.601,4.801,1.098,2.0149999999999997,2.8305,0.433,4.9239999999999995
PEX16,2,-0.8809999999999999,-2.202,0.050999999999999934,-0.34250000000000025,2.424,0.9415,-0.18600000000000017,-1.2385
PFKFB2,2,3.4865,0.9,2.669,2.5484999999999998,1.798,1.9304999999999999,2.773,0.7985000000000001
PFKFB3,2,4.099,4.163,4.7285,4.6315,2.674,3.3115,3.51,1.0085
BCLAF1,2,4.0875,1.2225000000000001,1.5765,1.1535,2.8735,3.2755,7.071,7.0625
POM121C,2,-1.6179999999999999,0.5805000000000002,-1.8984999999999999,0.633,-1.4365,0.46699999999999964,0.0259999999999998,-1.5195000000000003
PDPK1,2,0.288,2.838,1.436,2.514,6.64,1.394,6.915,2.945
PEAK1,2,-0.18599999999999994,-1.923,-0.7979999999999999,-0.2230000000000003,-0.786,2.0175,-0.3925000000000003,-2.5865
F11R,2,0.69,2.641,0.263,3.422,0.313,-0.086,-0.025,0.356
GPR35,2,-3.012,-0.695,-0.198,-3.982,-0.037,-0.114,-2.925,-2.548
GPRIN3,2,-0.10499999999999998,2.1420000000000003,-0.854,-0.45500000000000007,0.4515,-0.05500000000000005,0.7694999999999999,0.7214999999999998
GRAP2,2,2.543,2.54,2.482,2.9085,2.121,2.0785,2.055,2.5585
ELF1,2,1.5705,0.5135,-0.20500000000000007,0.21399999999999997,0.3765,-1.707,-1.7965,0.544
GON4L,2,0.39249999999999996,0.8125,2.127,0.6639999999999999,0.706,-0.3055,1.1740000000000002,1.375
EIF3E,2,-0.8435,-0.2475,0.6134999999999999,-1.3255,-1.4260000000000002,0.7175,-1.6315,0.22500000000000003
EIF4ENIF1,2,-2.471,2.549,2.9115,-0.29899999999999993,0.5605,-0.22599999999999998,0.6439999999999999,0.40349999999999997
EPB41L2,2,0.868,0.3795,1.6724999999999999,1.822,1.8285,0.29000000000000004,1.5815000000000001,3.3850000000000002
EPRS1,2,3.5495,1.516,4.6045,1.245,0.336,1.7029999999999998,3.878,4.0905000000000005
ERC1,2,1.2089999999999999,1.8255,-0.771,1.3179999999999998,0.6355,0.866,1.765,1.9745000000000001
PDCD4,2,1.0150000000000001,0.804,0.7235,2.4135,0.4665,1.211,0.732,1.1125
PDE3B,2,0.615,0.6575,1.0735000000000001,2.5825,2.1260000000000003,0.843,1.3855,2.0695
PLCL2,2,3.688,4.296,3.634,6.023,1.561,2.496,2.753,3.882
PLEKHA2,2,3.6305,2.4405,3.7350000000000003,4.1205,0.8065,1.926,3.0445,0.626
PPHLN1,2,0.5435,-0.6150000000000002,2.9425,-1.2499999999999998,0.30200000000000005,-0.7184999999999999,2.1405000000000003,-0.8960000000000001
PPIG,2,0.5445,-0.273,1.375,1.501,3.129,3.3745000000000003,3.2015000000000002,3.545
OXR1,2,2.215,3.6174999999999997,1.7495,5.446,4.46,0.749,5.223,1.076
POLR1G,2,-1.0625,-2.1624999999999996,-3.8155,-4.2725,-3.0140000000000002,-0.33949999999999997,-1.2454999999999998,-1.564
OPTN,2,3.5765000000000002,4.845000000000001,4.326,5.7669999999999995,3.322,3.5065000000000004,4.1395,5.073
OSBPL3,2,-1.4555,-1.4064999999999999,-2.432,-0.9614999999999999,-0.08199999999999996,-1.5554999999999999,0.225,-0.6250000000000001
OSBPL8,2,1.1769999999999998,2.8295000000000003,2.5745,3.124,-2.2405,0.8340000000000003,0.38050000000000006,0.4750000000000001
PHKB,2,-2.018,-2.035,-1.36,0.549,-1.705,-2.366,-0.059,-2.401
PI4K2A,2,-1.146,-2.8419999999999996,-1.5485000000000002,-3.371,-2.7169999999999996,-1.7885,-1.773,-1.8010000000000002
PI4KA,2,2.3865000000000003,0.425,3.5490000000000004,-0.4965,-0.15499999999999997,1.02,0.3285,-0.185
PI4KB,2,3.388,4.173,3.5965,4.486,2.363,0.5690000000000001,0.834,3.403
PAG1,2,1.823,1.6044999999999998,1.526,1.8704999999999998,1.1235,0.9784999999999999,1.434,1.4525
PHF23,2,-2.5005,-3.87,-0.44399999999999995,-3.4545,-2.9269999999999996,-2.6435,-0.638,-3.0229999999999997
PHIP,2,3.2435,3.8354999999999997,5.771000000000001,6.317,3.3914999999999997,2.927,3.289,2.8375000000000004
NR2C2,2,0.31000000000000005,-1.3935,-1.0585,1.2335,-0.7424999999999999,-0.42599999999999993,0.09999999999999987,1.5354999999999999
NSD3,2,0.6745,4.784,3.0985,5.5445,0.8980000000000001,1.395,2.169,4.9905
NUP107,2,2.5425,2.525,2.7279999999999998,3.0380000000000003,1.892,1.7985,1.9125,2.214
HIVEP2,2,-5.1925,-5.165,-5.7345,-5.803,-5.5065,-5.051500000000001,-5.128,-5.76
HMGA1,2,2.0549999999999997,2.4764999999999997,0.2475,1.405,1.325,1.7894999999999999,2.6719999999999997,0.8555
HDGFL2,2,-0.167,-0.099,-0.237,-0.007,0.032,0.35,1.598,0.338
FKBP15,2,-0.3145,-0.9359999999999999,-1.8915,-2.037,-1.2429999999999999,-0.938,-2.0469999999999997,0.8099999999999999
HAUS6,2,-0.3965000000000001,-1.104,0.619,0.7685,1.497,-0.3075,-0.08550000000000002,-0.937
FBXO38,2,1.689,2.1325000000000003,0.3545,2.8225000000000002,0.5915,2.8209999999999997,2.351,1.2555
PBRM1,2,0.7015,0.011499999999999844,0.0019999999999997797,-0.022999999999999687,2.4655,0.4900000000000002,2.616,-0.3275000000000001
PCBP1,2,0.9684999999999999,1.2405,0.48550000000000004,2.311,0.7675,2.4655,2.3185,1.7725
NIPBL,2,-1.911,-2.213,-4.873,-5.107,-2.302,-2.713,-2.992,-5.198
PANK2,2,4.1114999999999995,1.4845,5.019500000000001,5.3245000000000005,0.05449999999999999,3.7125,4.2905,4.9215
PAPOLG,2,4.654999999999999,5.025,4.8885000000000005,5.0855,1.9885000000000002,3.785,3.101,5.0
NFKB2,2,1.483,3.6900000000000004,1.194,4.2965,2.36,3.5084999999999997,1.1285,3.9005
NCAPH2,2,-3.45,-4.5375,-5.4135,-3.024,-3.237,-2.473,-2.75,0.020000000000000018
PCF11,2,-0.075,2.809,-0.227,-0.184,0.0,2.281,3.124,3.094
PCM1,2,0.38149999999999973,-0.5509999999999997,-0.029999999999999805,0.8210000000000002,-0.9090000000000003,1.1385,-0.46899999999999986,-0.6265000000000001
NAA10,2,0.040000000000000036,0.9425,-0.904,-0.2045,2.134,0.356,0.631,0.21650000000000003
NDRG1,2,0.15000000000000002,-0.23000000000000004,0.622,-5.9985,0.046499999999999986,-1.9394999999999998,-1.3975,0.687
NDRG3,2,5.964,6.519,6.0875,6.5845,5.866,5.977,6.007,2.388
NCOA2,2,0.9115,0.4089999999999998,0.35699999999999976,0.6215000000000002,-0.2625000000000002,-0.014000000000000012,0.14749999999999996,0.5875000000000001
NCOA3,2,3.662,3.518,3.5125,3.5425,2.9885,3.1165000000000003,3.734,3.991
NUP98,2,0.288,1.393,1.8515,1.6720000000000002,3.1435,1.412,1.524,2.358
MTM1,2,2.2815,1.225,0.6839999999999999,0.9380000000000001,0.8995,0.7645,0.593,3.1775
NUP214,2,0.6820000000000002,0.5185,-0.06300000000000017,1.1185,3.084,1.2249999999999999,0.8700000000000001,2.3405
MAPK3,2,4.874499999999999,5.246,5.893,6.645,4.115,3.9145,6.0815,6.3585
CDV3,2,2.305,2.939,3.075,3.27,2.664,3.367,2.948,2.805
CCNY,2,1.048,3.952,1.754,1.438,1.495,0.755,1.256,1.436
CDK12,2,0.393,0.1565,-0.064,0.6415,-0.247,0.41,-0.268,0.082
CDK13,2,-0.5994999999999999,-2.8825,-2.14,-2.355,-2.5525,-0.392,-1.8955000000000002,-0.299
GATAD2B,2,0.5345,0.119,-0.10999999999999999,0.6125,-0.533,0.04400000000000004,-0.44099999999999995,-0.02100000000000002
GCSAM,2,0.8194999999999999,0.782,2.7305,0.4495,2.246,3.6704999999999997,1.2189999999999999,2.9685
HLA-H,2,-1.446,-1.7845,1.8705000000000003,-0.718,1.7745,-0.16199999999999998,-0.13749999999999996,0.6595000000000001
NCOA7,2,2.3445,7.078,2.921,7.287,0.006,1.815,-0.025,2.052
MKRN2,2,2.3355,2.2145,2.7145,5.151999999999999,2.353,0.4335,0.5955,2.8975
MMACHC,2,1.196,1.776,1.688,1.299,0.915,0.65,0.838,1.518
MAPK1,2,2.9349999999999996,3.4515000000000002,4.0794999999999995,4.1145,1.5135,1.7965,3.649,3.812
MAPK14,2,0.9515,1.0185,-0.6619999999999999,3.4425,0.2585,0.2425,2.8440000000000003,3.9240000000000004
MIDEAS,2,-1.2134999999999998,-1.074,1.8,0.5429999999999999,0.4289999999999998,0.2609999999999999,0.19450000000000012,-0.6395000000000002
CCM2,2,4.6594999999999995,2.6435,0.964,3.351,2.5735,2.8564999999999996,2.437,2.0925000000000002
MAST3,2,-4.46,-3.534,-3.8114999999999997,-5.598,-3.275,0.072,-1.414,-1.266
MAP4K5,2,1.282,1.399,-0.321,3.327,3.391,3.424,-0.374,0.458
CAMK4,2,5.044499999999999,5.3945,5.0805,2.675,1.9940000000000002,4.045999999999999,5.3420000000000005,5.48
CCDC61,2,1.316,1.2714999999999999,0.7735000000000001,3.7430000000000003,0.157,1.091,1.7189999999999999,-0.4965
C15orf39,2,3.238,3.203,3.252,3.606,2.997,3.288,3.269,3.045
LIMD1,2,2.912,4.255,3.0455,3.8064999999999998,4.0089999999999995,3.067,3.1399999999999997,4.215
LIME1,2,2.535,4.878,3.1315,4.258,3.7175,3.351,3.823,1.164
LYST,2,-7.8415,-6.0355,-6.3134999999999994,-7.333,-0.8240000000000001,-3.437,-3.393,-8.1995
LIG1,2,-3.6205000000000003,-5.4435,-6.1875,-5.6,-1.3054999999999999,-4.1065000000000005,-4.0635,-3.8434999999999997
MARK2,2,3.2965,2.7315,3.3845,1.909,1.8525,3.4855,0.965,3.0690000000000004
MARK3,2,2.1285,1.9320000000000002,0.6920000000000001,0.32199999999999995,-0.602,1.246,-0.18400000000000005,1.6079999999999999
MAST2,2,-0.6740000000000002,-0.7120000000000001,-1.2389999999999999,1.6145,-1.2485,-1.518,1.0890000000000002,-0.764
MED14,2,1.118,0.854,1.273,0.499,0.339,1.04,3.279,1.377
KLF2,2,0.652,1.548,1.47,1.77,-0.073,-0.001,0.697,0.315
MCM2,2,-0.4189999999999998,-0.6845000000000001,1.2975,-0.555,1.752,-0.35749999999999993,0.6985000000000001,0.8220000000000001
KIAA1143,2,0.18799999999999994,-0.2529999999999999,-0.716,1.5655000000000001,-1.4345,0.22600000000000003,-1.109,-1.1465
KTN1,2,-3.3765,-2.328,-2.242,-3.35,-2.0164999999999997,-4.186999999999999,-3.267,-3.385
MAP3K1,2,-2.052,-2.8035000000000005,-0.47650000000000003,-3.3925,0.09899999999999999,1.5045,-1.004,-0.8355000000000001
KMT2A,2,-0.753,1.2525,-0.5804999999999999,0.20599999999999996,-1.1705,-2.105,-1.7255,0.2445
KIF18B,2,1.1775,4.061,3.4885,4.016,3.7365,3.6135,3.6505,3.9005
KIF20A,2,4.1185,2.361,5.673,3.7969999999999997,3.582,1.007,3.5275,1.5165000000000002
KIAA0319L,2,-4.414,-4.607,-3.882,-2.947,-0.636,-2.953,0.036,-0.769
KANSL3,2,-1.064,-1.007,-1.318,-1.143,-1.368,-1.387,-2.021,-1.875
MAP3K3,2,-0.9105000000000001,0.3215,-1.629,-0.9505,-0.6075,-0.5305,1.5825,0.03650000000000003
LRRC41,2,3.0575,2.7604999999999995,4.954,6.741,0.4345,1.2810000000000001,2.925,4.487
ITPRID2,2,2.5465,3.127,3.7855,4.8695,1.968,1.719,1.518,3.359
ITSN2,2,-2.5934999999999997,-6.6080000000000005,-7.2965,-6.391,-7.1434999999999995,-7.562,-5.6675,-5.9475
KDM3B,2,2.3209999999999997,2.4705,1.28,1.818,0.493,0.5915,2.0965,1.361
HSH2D,2,4.0515,1.2965,4.573,4.706,1.8770000000000002,2.076,1.9954999999999998,4.685499999999999
HTT,2,3.5309999999999997,4.2705,2.13,4.011,2.4455,4.124499999999999,2.4444999999999997,3.2395
HUWE1,2,-1.8305,-1.691,-0.738,0.04749999999999999,0.6005,-0.798,0.22399999999999998,0.05700000000000016
ICE1,2,3.532,1.7945,1.153,2.835,2.6315,2.3365,1.105,2.8385000000000002
HNRNPA1,2,0.239,6.502,3.6185,3.4715000000000003,0.7034999999999999,4.224,3.2415000000000003,1.4140000000000001
HNRNPD,2,-2.9484999999999997,-0.2745,-2.6025,-1.8885,-1.6800000000000002,-1.427,-1.9855,-0.7775
CDKN2AIP,2,4.9475,5.132,5.243,5.5085,2.8655,5.2495,2.8950000000000005,5.6485
CDCA5,2,2.766,1.5899999999999999,1.9765000000000001,1.932,-0.059000000000000004,-0.2195,2.133,0.779
GTF3C1,2,-1.3099999999999998,-0.935,-1.295,-0.9710000000000001,-0.2489999999999999,1.6860000000000002,1.226,-2.469
ITGB7,2,3.916,0.458,2.053,5.015499999999999,1.0399999999999998,5.0255,3.8395,1.0005
IVNS1ABP,2,1.0519999999999996,1.9165,-0.7024999999999999,-2.519,0.929,-1.8684999999999998,-1.7930000000000001,-2.2194999999999996
ITPKB,2,2.891,3.59,3.093,3.396,2.408,-0.079,3.212,0.243
LARP4,2,-8.569,-8.867,0.323,-11.26,0.025,0.05,-0.076,0.065
LARP4B,2,-1.6055,-1.2095,0.27949999999999997,-0.7825000000000001,-1.4914999999999998,-1.496,0.2495,-0.8775
IFI16,2,-1.8975000000000002,-2.698,-1.1700000000000002,-5.8965,-4.325,-2.4065,-4.8085,-3.487
CD247,2,-0.5650000000000001,-0.5615000000000001,0.049999999999999996,0.6205,-1.1050000000000002,-0.5125,-0.29350000000000004,0.6955
IL16,2,3.0420000000000003,3.4749999999999996,3.3605,6.337,2.246,0.36899999999999994,3.272,3.3755
VPS50,2,0.045499999999999985,0.899,2.9055,2.9385000000000003,4.3255,2.9345,0.3235,-0.114
ADAR,2,1.5450000000000002,1.1715000000000002,2.582,3.282,2.4484999999999997,0.46850000000000014,2.4345,3.4965
AKAP1,2,3.153,5.292,3.8115,3.561,1.6869999999999998,3.2545,3.8089999999999997,3.7415000000000003
ZNF777,2,1.7225,0.993,2.509,0.439,2.6290000000000004,4.351,2.9635,0.9525
AHCTF1,2,4.4265,5.7379999999999995,1.631,3.71,0.248,1.0525000000000002,0.8009999999999999,0.716
ZNF592,2,0.1755,-0.1695000000000002,-2.3870000000000005,0.4095,0.11949999999999994,-0.5959999999999999,-1.132,-1.1620000000000001
ARHGAP12,2,-3.1755,-2.985,-2.4345,-2.9875,-0.6495,-1.5735,-1.366,-1.4455
ARHGAP17,2,0.3065,0.32599999999999985,1.9,2.333,-2.3680000000000003,-2.1485,-1.4440000000000002,1.786
ARHGAP25,2,1.4195,1.7845,4.939,4.35,0.6715,1.034,1.6115,1.0585
AMPD2,2,1.116,0.433,2.672,4.1805,0.09,-0.5345,0.108,-0.3545
ARFGAP1,2,2.9269999999999996,2.4195,3.787,5.5245,1.354,2.4795,1.932,3.4604999999999997
ANKLE2,2,2.1285,2.026,4.9715,3.7515,2.1865,4.7044999999999995,3.576,3.553
YBX3,2,-1.1669999999999998,-0.6835,-0.27149999999999996,-3.674,-0.6024999999999999,-1.236,-1.0265,-0.6119999999999999
AKT1S1,2,-3.8155,-5.1455,-1.8225,-5.8595,-4.1085,-3.928,-5.1775,-4.195
WIZ,1,-0.028,-2.16,0.32,0.891,0.125,-0.22,-3.815,0.186
YWHAZ,1,0.002,-0.003,1.883,0.839,1.473,2.272,2.526,1.114
CSDE1,1,-0.221,4.193,1.111,0.843,3.539,3.995,3.557,3.797
VDAC2,1,-0.671,-4.831,-1.641,-3.85,-3.77,-2.82,-2.818,-3.958
VEZT,1,4.445,3.985,1.251,3.922,-0.968,4.601,3.777,0.535
TRAIP,1,-0.317,-2.98,-0.583,-3.322,-3.39,-2.526,-4.129,-0.321
TRAT1,1,4.165,4.181,1.34,5.118,0.006,0.75,1.506,4.574
TREX1,1,5.47,5.286,5.798,5.411,0.51,5.492,1.577,1.882
TRIM25,1,3.884,4.07,0.284,4.554,4.076,1.392,3.248,4.617
TRIM33,1,-0.285,-4.748,0.032,-3.984,-3.829,0.149,0.102,-2.89
CNNM3,1,2.499,3.302,2.704,3.77,2.054,2.173,2.823,2.932
CHD8,1,-0.586,4.095,4.377,4.599,0.636,3.977,4.195,1.185
CHEK1,1,1.661,0.899,0.823,3.629,4.104,-0.086,1.337,1.276
CHERP,1,-1.649,-5.749,-1.373,-4.756,-1.173,-1.105,-3.998,-2.025
CHORDC1,1,7.401,7.514,7.114,2.891,7.059,7.235,7.349,7.237
CISD2,1,4.027,0.589,0.97,3.717,3.279,3.914,0.377,0.966
CRKL,1,0.288,0.094,0.693,1.23,2.05,0.369,2.062,1.623
CRTC3,1,1.238,5.335,4.412,0.664,4.17,4.619,1.602,5.262
UBR4,1,1.296,1.596,1.534,1.781,1.159,1.411,1.596,1.906
CKAP2L,1,3.425,1.567,0.632,1.561,0.528,0.664,1.313,0.38
CETN2,1,0.989,2.139,0.028,0.548,1.815,4.606,1.764,-0.036
CFL1,1,-0.397,-0.889,-0.824,-0.979,-0.825,-1.259,-1.223,-1.53
CHAF1A,1,0.947,3.71,3.037,4.58,0.503,2.458,2.485,-0.374
CHD1L,1,5.444,5.884,1.206,7.086,-0.148,0.672,-0.179,0.954
CHD3,1,2.266,2.559,2.414,2.399,2.458,2.16,2.555,0.414
CLTC,1,-4.324,-1.102,-4.932,-0.561,-4.603,-0.989,-5.171,-6.202
VAMP8,1,1.167,1.64,1.319,1.7,1.098,1.42,1.259,1.52
ARHGAP4,1,-2.279,-0.903,-2.405,-3.021,-0.257,-2.653,-0.152,-2.18
UBAP1,1,1.251,1.281,1.303,1.556,1.345,1.067,1.356,1.778
UBAP2,1,1.357,2.962,3.992,0.93,0.006,0.57,3.676,4.006
UBAP2L,1,0.46,2.985,4.212,-0.58,-0.107,-0.489,1.114,1.706
UBE2E3,1,-3.695,-4.787,-0.411,0.469,-0.931,-0.062,-0.193,-6.445
UBE2O,1,1.132,1.449,0.329,2.937,1.082,0.631,0.559,2.363
UBL7,1,1.104,1.044,0.114,2.91,0.889,0.201,0.043,0.979
IQGAP2,1,4.514,4.93,4.232,5.519,0.98,1.48,3.962,4.796
ITPR3,1,2.857,5.708,5.939,6.098,2.398,1.175,5.497,6.008
LASP1,1,1.497,1.664,1.266,2.243,0.926,2.066,1.802,1.746
LAT2,1,0.12,-4.108,-3.104,-4.09,0.549,0.625,0.19,-0.401
LATS1,1,-0.752,-4.612,-4.608,-4.953,-4.802,-0.817,-5.027,-4.972
LBR,1,-1.475,0.685,-0.924,-0.112,-1.639,-1.971,-1.343,-0.943
JPT2,1,0.842,0.026,0.094,3.832,-0.016,-0.739,0.051,2.522
JUND,1,0.899,1.868,1.309,0.79,0.742,-0.252,0.468,0.611
IGHMBP2,1,1.201,1.832,4.427,2.08,1.773,1.463,4.355,4.945
IKZF1,1,-3.583,-3.688,0.349,-4.98,-2.9,-4.952,-3.739,-4.903
IL10RB,1,0.537,0.982,3.035,0.304,1.007,0.831,1.924,1.236
CD274,1,-0.135,0.083,-0.081,-5.024,-3.709,-0.236,-0.527,-0.527
H2BC12,1,1.508,4.066,3.714,5.019,3.584,1.06,1.118,4.743
INF2,1,1.311,1.414,1.413,2.0,1.348,1.311,1.465,2.417
INTS1,1,5.779,6.995,6.202,8.055,4.966,5.451,5.955,6.659
IQGAP1,1,1.766,1.869,1.766,2.513,0.879,1.095,0.983,1.853
AKNA,1,-6.305,-4.769,-6.372,-7.645,-1.83,-6.432,-5.056,-4.852
ADRM1,1,-4.439,-2.325,-0.17,-0.019,-2.243,-0.447,-3.194,-4.242
AEBP2,1,0.391,-0.38,5.423,4.824,0.313,0.97,0.273,-0.321
AFF4,1,-4.042,-3.95,-4.532,-7.283,-0.52,0.375,0.065,-4.18
AGFG1,1,-1.585,-1.63,-1.295,-2.258,-0.143,-0.116,-1.229,-1.54
VRK3,1,-3.121,-0.403,0.444,-0.278,-0.507,-0.625,-0.815,-0.749
WARS1,1,-0.63,-2.207,0.057,-6.189,-1.68,-1.835,-1.543,0.085
WASF2,1,0.054,2.651,-0.273,0.779,0.725,2.806,0.533,0.392
ACACA,1,0.606,2.288,0.529,0.355,2.147,2.476,3.45,4.035
ACAP1,1,-5.386,-1.518,-1.179,0.027,-2.75,-1.928,0.604,-0.02
ACLY,1,1.848,1.637,2.102,2.022,1.659,1.487,2.031,2.109
ADAM17,1,0.288,0.539,2.818,2.754,0.529,-0.086,1.22,1.178
ADD1,1,1.429,2.845,0.824,0.473,2.12,2.853,2.527,3.031
ADD3,1,-5.365,-4.375,-1.199,-6.324,-4.23,-4.3,-5.133,-5.464
AKAP10,1,-0.173,-0.467,-0.208,-4.294,-4.116,0.015,-6.768,-0.524
AKAP5,1,-3.331,-1.207,-2.511,-3.571,-2.918,-2.894,-1.372,-1.355
HNRNPF,1,0.387,3.323,0.608,-0.437,-0.107,0.903,0.413,1.849
HNRNPK,1,0.288,0.765,0.736,1.473,0.851,0.71,3.075,2.928
HNRNPL,1,-0.309,-4.53,-0.29,-0.339,-0.218,0.256,0.118,-4.833
HOOK1,1,2.637,2.799,2.586,3.173,0.923,0.841,2.294,3.042
HOOK3,1,-3.61,-3.317,-4.466,-0.128,-4.491,-4.892,-5.607,-3.501
HSP90B1,1,2.106,2.14,0.469,1.903,0.376,-1.305,0.378,6.727
IQSEC1,1,0.5,4.2,3.786,1.134,3.969,3.635,3.537,4.52
KCNAB2,1,1.673,1.897,1.538,4.031,4.619,1.897,-0.025,0.787
H1-5,1,-5.845,0.147,-6.089,-4.18,0.594,-7.816,-0.71,0.254
HMGCR,1,1.486,2.158,0.686,2.86,2.613,2.71,2.345,2.398
HMGN1,1,1.819,1.725,1.147,3.187,1.816,2.336,2.459,2.46
HMGXB4,1,6.507,5.706,5.688,1.701,1.734,5.792,6.371,6.277
HMOX2,1,0.473,1.635,2.051,2.664,2.675,2.359,2.279,2.46
HNRNPA0,1,2.175,1.904,0.028,0.419,5.496,0.771,-0.025,0.748
HNRNPA2B1,1,2.684,5.861,6.306,1.095,1.455,5.036,1.177,6.425
HNRNPA3,1,-1.89,-2.842,-1.255,-3.81,-2.546,-3.608,-4.419,-3.864
CEP43,1,-1.215,-0.989,-0.17,-1.714,-0.088,-1.851,0.099,-1.764
CDC5L,1,2.233,0.094,0.228,0.679,0.006,-0.086,-0.025,0.908
CDCA7L,1,-1.749,0.892,-1.772,1.801,-2.966,-3.916,-3.003,1.057
HDAC7,1,3.123,4.111,3.897,3.972,3.392,3.899,3.566,4.275
GTPBP1,1,-1.32,-2.224,0.374,-1.995,-1.719,-0.392,-0.719,-0.674
H1-2,1,-2.445,-0.174,-3.597,-2.07,-2.526,-2.059,-1.992,-0.248
H1-3,1,-2.586,-3.133,-2.885,-0.675,-1.301,-2.169,-0.982,-0.81
H1-4,1,-0.291,0.218,0.056,2.917,0.756,0.064,2.704,3.184
IREB2,1,3.95,3.7,0.965,4.097,-0.115,-0.074,-0.265,0.141
IRF2,1,2.994,7.351,7.355,8.873,0.006,-0.086,1.829,1.342
IRF2BPL,1,-2.994,-2.458,-1.783,-4.705,-2.746,-1.672,-3.089,-2.184
ITGAE,1,3.762,2.972,2.728,2.418,2.027,0.545,1.169,1.171
KAT5,1,0.147,-0.276,2.542,-0.31,-1.05,-1.142,-0.175,2.99
KAT7,1,1.383,4.747,1.728,4.723,1.207,3.126,-0.274,2.352
KATNA1,1,4.207,1.581,3.604,1.262,4.23,1.427,3.627,3.789
KATNBL1,1,-0.15,-3.693,-6.063,-1.57,-3.89,-0.148,-0.262,-1.916
KPNA3,1,1.172,0.647,1.564,1.493,1.427,1.506,1.546,1.916
LAMTOR1,1,2.413,0.094,1.331,1.417,0.006,7.893,1.337,2.29
LANCL1,1,-1.688,-2.274,-0.423,-2.093,-1.023,-3.126,-1.095,-2.565
KIF21A,1,7.143,5.085,7.48,4.762,0.073,1.453,5.29,7.465
KLC1,1,1.433,0.132,4.56,4.892,4.634,4.715,1.02,4.601
MCM3,1,2.025,5.224,1.03,0.184,0.94,0.453,-0.161,2.023
MAPKBP1,1,1.17,0.98,5.271,1.036,1.007,0.883,2.061,0.808
MAPRE1,1,5.28,5.618,5.639,6.285,1.318,5.438,0.349,6.198
MAP2K7,1,0.481,3.082,0.757,-0.145,2.354,2.841,0.714,0.144
KMT2B,1,-0.321,-6.505,-3.999,0.005,-4.091,-5.512,-5.491,-0.647
KMT2D,1,-0.565,2.936,3.395,-0.966,-0.123,-0.022,3.034,3.706
KMT2E,1,-2.147,-1.095,-2.852,-1.007,-2.047,-1.307,-1.109,-2.235
KIAA1671,1,1.716,0.758,3.359,3.201,0.815,3.463,0.473,0.929
KIDINS220,1,0.209,0.994,-0.152,4.957,-0.072,-0.064,4.6,-0.027
KIF13B,1,-0.235,-0.428,0.183,-0.636,0.265,0.131,3.139,0.159
KNOP1,1,-3.239,-4.053,-3.166,-2.523,-4.141,-3.238,-4.172,-3.147
LSP1,1,-2.118,-2.47,-2.992,-3.344,-3.2,-3.813,-3.354,1.124
LSR,1,-0.809,-0.726,-1.522,-2.383,-0.186,-0.528,-0.463,-1.14
LUC7L,1,1.66,3.61,0.028,0.745,0.835,3.532,0.719,3.22
LYAR,1,0.189,-0.055,-0.071,-0.207,1.49,-0.176,1.8,-0.273
KIF15,1,0.834,1.389,1.186,1.645,1.323,1.463,1.353,1.979
KIF1C,1,1.212,1.234,4.187,4.397,1.008,0.915,-0.06,3.591
MADD,1,2.519,2.722,2.732,3.03,1.789,2.176,2.693,2.856
MAP2K4,1,0.984,0.094,4.57,1.325,0.006,0.586,3.644,0.434
KCTD10,1,1.248,4.631,1.336,5.042,4.112,4.302,4.699,5.035
KCTD5,1,3.722,3.643,3.672,5.324,2.655,3.131,2.757,3.948
KDM2B,1,-3.787,-0.184,-6.072,-3.539,-0.579,-4.962,-0.241,-5.183
KDM3A,1,1.759,1.889,1.504,4.723,0.006,-0.086,0.602,0.659
KDM5A,1,-0.569,-3.076,-2.735,-0.939,-0.307,-3.945,-0.921,-0.838
KIAA0930,1,-0.028,-5.09,-6.536,0.34,-5.206,-4.02,-5.285,-6.6
MAP4,1,0.288,0.712,1.0,4.613,0.006,0.545,0.553,1.264
LRRFIP2,1,-3.974,-2.687,-5.047,-0.467,-3.126,-2.904,-3.203,-4.484
C19orf47,1,-2.737,-0.365,1.85,2.616,2.064,-1.081,-2.034,-0.878
C2CD2L,1,0.288,0.771,3.662,1.416,1.348,1.554,1.281,0.691
C2CD5,1,0.59,0.09,-0.264,-0.699,-0.684,3.029,2.73,0.598
CBX6,1,1.177,3.804,1.18,0.603,0.325,1.189,3.47,1.486
CBX8,1,3.61,4.45,4.149,5.91,2.778,3.032,3.179,4.518
C8orf33,1,0.571,-0.194,2.566,2.345,2.572,0.623,0.451,0.056
CAAP1,1,1.05,1.095,2.828,3.662,0.375,0.878,0.336,0.357
CAMK1,1,7.672,8.043,7.614,3.188,2.818,7.07,2.798,7.288
LMNB1,1,0.727,3.06,2.804,3.73,-0.069,0.563,3.624,3.789
LMNB2,1,1.405,1.293,3.992,3.872,3.564,3.816,0.993,2.014
LMO7,1,0.288,6.036,2.566,-0.113,1.24,-0.086,2.513,2.189
LRCH3,1,5.211,5.632,3.966,4.119,6.296,4.155,5.118,6.097
CAMSAP1,1,-1.692,-3.214,0.664,0.787,-2.275,-3.933,-3.132,0.793
CAPZA2,1,1.223,2.004,1.762,1.879,1.308,1.072,1.345,1.28
BUB3,1,-0.212,0.958,2.572,2.592,3.023,0.898,2.493,2.843
BZW1,1,0.555,0.089,2.794,-0.303,3.247,2.225,3.286,2.658
LENG1,1,2.19,0.575,1.857,3.642,3.001,2.231,2.33,3.326
LEO1,1,1.747,3.58,0.815,0.556,0.006,0.818,-0.025,3.713
LIG3,1,6.11,1.554,1.386,2.683,2.799,2.646,7.022,6.966
MDM1,1,2.541,2.951,0.241,2.701,1.304,2.664,1.602,3.683
MDM2,1,0.966,3.205,2.782,3.106,0.845,-0.086,0.501,2.966
LIMK2,1,-5.059,-4.165,-3.466,-4.4,-3.306,-0.483,-3.474,-0.708
LIPE,1,-0.265,0.657,2.855,3.044,2.879,0.666,0.52,1.764
LMNA,1,1.959,0.982,1.539,0.861,1.804,0.905,4.561,0.945
MAPRE2,1,6.303,0.094,0.028,-0.113,0.006,-0.086,-0.025,-0.036
MEF2A,1,-1.866,-4.469,-3.805,-4.095,-1.319,-1.111,-1.22,-1.228
METTL1,1,1.283,-0.731,-0.798,4.648,0.194,0.169,0.192,0.263
MFAP1,1,0.564,0.14,0.356,1.542,2.199,0.721,1.472,1.75
MIA2,1,-5.726,-5.538,-5.397,-6.127,-5.207,-5.299,-5.438,-4.696
MATR3,1,5.796,6.195,5.602,6.904,4.703,5.091,0.85,5.944
MAX,1,-2.106,-1.859,-1.718,-2.141,-2.042,-0.065,0.172,0.124
MBD4,1,1.892,1.984,4.421,5.457,3.414,3.724,3.64,1.805
MTMR1,1,3.01,0.926,0.709,3.408,3.717,3.832,3.889,3.809
MPLKIP,1,3.691,0.343,1.487,1.335,0.921,2.066,-0.198,3.63
MPP1,1,-2.974,-2.75,-4.588,-2.907,-2.901,-0.03,-0.883,-3.938
MPZL1,1,2.234,0.589,0.895,2.344,0.776,0.771,2.837,2.741
HLA-B,1,0.464,6.691,6.607,6.857,0.533,0.799,7.475,5.606
HLA-E,1,4.349,4.29,4.159,3.977,3.941,0.302,1.179,4.321
HLTF,1,-0.182,1.76,1.371,1.667,0.361,2.154,0.165,2.395
GLS,1,2.69,1.26,2.127,-0.113,5.565,6.031,6.15,5.861
NCOA5,1,7.378,1.444,1.426,1.534,1.33,7.609,1.407,-0.036
NCOR2,1,-0.359,1.254,0.636,4.736,0.03,4.186,3.5,0.324
MLLT1,1,-2.126,-3.004,-0.598,-2.827,0.309,-1.888,-3.124,-2.458
MMTAG2,1,-1.433,-1.697,-4.391,-1.453,-1.31,-1.281,-0.85,-3.584
MNAT1,1,-5.616,-0.132,-0.314,-0.31,-0.291,-0.383,0.003,-0.289
MON2,1,5.162,4.923,2.238,5.065,2.194,-0.086,4.972,5.381
MORC3,1,3.077,2.646,0.719,3.728,2.405,0.343,1.066,3.81
MICAL1,1,-2.316,-0.283,-2.982,-0.844,-0.823,-0.329,-2.969,-0.072
MAP7D3,1,0.849,1.967,4.431,5.335,0.006,1.559,0.841,1.805
MAP9,1,0.288,1.51,4.137,0.595,0.883,1.557,4.329,3.071
BCCIP,1,2.344,0.938,2.458,3.009,2.952,2.144,2.29,3.133
CC2D1A,1,-4.19,-1.7,-4.638,-1.038,-4.663,-5.743,-0.814,-1.158
MIEF1,1,5.986,6.406,0.313,-1.385,0.027,-0.131,-1.297,-0.24
MINDY1,1,1.922,2.168,1.828,2.464,1.59,1.801,1.94,2.232
MIOS,1,-0.483,-6.109,-0.996,-7.646,-0.769,-5.44,-0.316,-5.752
MKNK1,1,3.851,4.032,4.148,5.319,2.924,2.942,3.251,5.569
CAMK2D,1,0.827,1.838,5.478,1.732,0.382,-0.745,0.472,0.435
CAMKK1,1,1.001,1.03,0.904,1.804,0.704,0.502,0.698,0.972
CC2D1B,1,-0.905,-5.35,-0.677,-5.557,-3.332,-0.45,-4.526,-3.793
CCDC6,1,3.553,2.778,0.965,3.119,0.823,3.368,3.517,3.058
CCDC86,1,-5.043,-5.101,-6.43,-1.986,-5.606,-1.805,-6.483,-0.505
CCDC9,1,3.571,1.11,3.004,3.544,2.808,2.853,3.504,3.021
CARMIL2,1,0.658,2.421,1.295,0.588,2.078,1.453,0.565,1.747
CASP2,1,0.852,1.361,2.214,1.296,0.006,-0.086,-0.025,2.751
MSANTD2,1,0.459,0.65,0.6,0.601,1.573,0.139,0.411,0.213
MSH6,1,0.302,-0.002,-0.079,0.5,2.874,2.652,2.833,3.413
MSL2,1,2.001,5.231,1.949,5.319,1.197,1.225,5.12,5.254
MSL3,1,3.033,0.094,6.654,2.425,2.771,6.972,-0.025,6.867
MTA1,1,-0.116,0.566,-2.572,-0.075,-1.444,-1.6,-1.75,0.04
MTDH,1,-0.074,-0.398,-1.787,-0.248,0.077,0.2,0.444,-0.29
MTHFD1,1,-0.428,-0.182,-1.794,-2.496,-0.725,-1.659,-0.868,0.269
NUP188,1,-2.763,-6.38,-0.31,-3.563,-2.331,-3.979,0.645,-3.106
CDAN1,1,3.136,2.981,0.132,0.589,0.064,2.843,-0.041,3.729
CDC23,1,-1.027,-2.738,-1.035,-0.977,-1.34,-2.636,-1.413,-1.582
CDS2,1,1.437,3.143,2.896,0.566,3.153,2.229,-0.025,1.433
CEMIP2,1,1.825,3.443,1.823,1.527,3.53,3.258,0.476,3.033
CENPE,1,-1.185,-1.539,-1.754,-2.209,-1.908,-2.232,-2.216,-1.793
MRGBP,1,5.164,1.279,5.557,3.625,-0.015,0.935,0.707,4.454
MRPS36,1,-0.029,-0.21,1.465,0.094,-0.311,2.175,-0.059,2.235
MRTFA,1,4.879,5.207,5.255,3.831,1.411,4.409,5.14,4.633
CCNK,1,-3.315,-6.368,-6.043,-7.122,-4.562,-6.023,-2.66,-3.726
CCRL2,1,4.074,4.682,3.823,4.556,3.231,0.841,3.242,4.129
CCSER2,1,-2.853,0.432,-1.607,-1.738,-0.501,-1.956,0.293,-2.47
CCT6A,1,-0.24,-0.786,-3.627,-0.024,-2.821,-0.348,-2.773,-0.008
CDK11A,1,1.315,3.916,1.441,1.02,3.72,-0.886,0.228,2.89
CDKN1A,1,0.017,0.357,0.229,2.333,2.083,2.009,0.263,1.771
CD3G,1,4.269,4.072,4.664,5.458,4.145,6.006,4.84,5.809
CD5,1,3.474,1.025,2.191,-0.358,1.022,0.801,0.308,-0.281
GLUD1,1,3.823,0.094,1.774,2.844,2.829,3.524,1.157,2.156
GOLGA3,1,1.878,3.931,0.916,5.377,0.006,-0.086,0.553,1.913
GAPVD1,1,1.723,0.446,0.673,2.427,-0.212,2.336,2.822,0.833
GART,1,5.97,5.86,5.754,6.582,5.449,5.778,5.799,6.819
GATAD2A,1,-2.238,-3.006,-3.156,-3.848,-1.997,-1.964,-1.323,-3.56
CDC25C,1,1.715,2.471,2.507,3.024,3.177,2.535,3.136,3.483
CDC27,1,6.147,6.038,6.321,6.605,4.758,5.577,5.907,6.204
CDC42EP3,1,0.435,0.304,0.768,-0.004,-0.041,0.166,0.829,1.785
PALM2AKAP2,1,2.698,1.422,6.453,6.045,5.955,6.283,6.521,6.757
PARN,1,5.907,6.196,2.855,7.646,5.542,5.971,6.238,6.32
PARP1,1,0.323,1.599,-0.089,1.329,0.467,1.274,2.582,-0.198
NFIC,1,1.445,4.291,3.347,4.201,4.158,4.312,3.559,1.149
NFIL3,1,-0.544,0.273,-0.212,-1.857,-1.312,0.929,-0.272,-3.028
PAXX,1,-0.499,0.603,2.043,0.117,2.157,0.649,2.52,2.68
PBK,1,-0.035,3.133,0.925,3.143,1.098,0.196,0.589,1.166
PCBP2,1,0.97,0.416,1.741,3.764,4.509,1.66,1.656,0.581
NAA30,1,3.413,4.081,2.332,3.281,2.939,3.19,3.299,3.362
NAB1,1,1.08,0.881,0.77,-0.113,4.435,1.687,0.905,3.501
NDEL1,1,3.377,3.847,3.279,0.882,3.76,3.279,3.236,2.664
NCAPD2,1,-2.115,-2.495,-0.127,-2.804,-0.947,-2.018,-0.405,-0.908
NCBP1,1,8.53,3.495,1.33,3.553,3.526,8.181,8.693,2.925
NCBP3,1,0.313,-0.643,0.117,4.21,-0.732,0.115,-0.067,-0.008
NCK1,1,1.103,3.611,1.482,3.928,0.716,1.244,0.944,1.423
PCNP,1,-3.25,-5.603,-1.197,-1.874,-0.517,-0.888,-1.605,-1.117
MTRR,1,-0.78,-5.143,0.145,-5.664,-1.605,-1.797,-5.703,-7.104
MVP,1,-0.724,-5.125,-3.078,-3.402,0.137,-3.167,-4.294,-2.968
MYBBP1A,1,1.474,0.883,4.707,1.369,1.02,1.075,5.45,0.114
MYH9,1,1.658,1.673,7.678,8.955,0.006,1.259,1.548,1.757
NUP160,1,-4.005,-2.254,-4.265,-2.563,-3.379,-3.801,-3.193,-2.802
NCL,1,3.059,3.741,3.846,4.145,2.673,2.959,3.372,4.11
MYO1F,1,0.204,0.032,-4.568,0.091,-4.701,-3.903,-3.627,-4.756
MYSM1,1,1.328,6.41,1.14,2.264,5.92,6.226,2.304,2.319
NUP210,1,3.037,0.274,1.427,0.81,2.063,1.276,1.719,2.08
NUP50,1,3.096,3.568,3.319,3.881,1.813,2.359,2.934,3.507
NUP88,1,0.072,-0.099,-1.317,-1.458,4.863,0.134,-1.37,6.147
NMT1,1,3.402,3.656,2.794,3.627,2.905,2.862,1.001,3.76
NOP2,1,2.696,2.899,3.059,3.002,2.023,1.904,1.971,3.155
MTMR12,1,0.652,3.114,1.407,3.553,1.364,3.631,2.763,3.266
MTMR3,1,-4.087,-4.121,-4.23,-5.471,-4.233,-4.847,-4.167,-4.303
MTMR6,1,4.2,2.43,5.872,4.292,5.464,4.375,2.222,2.196
HERC1,1,0.288,2.016,0.028,1.794,4.806,4.644,0.663,1.732
HIP1R,1,1.154,1.01,0.352,2.372,0.342,-0.084,0.074,1.148
GEMIN5,1,0.001,0.674,0.602,3.269,0.936,-0.086,-0.049,0.92
GFI1,1,-2.091,0.786,-1.876,-0.231,-1.905,-1.478,-2.649,-1.948
HIVEP1,1,-1.731,-4.381,-5.278,-1.936,-4.604,-2.055,-4.305,-5.528
NF1,1,3.419,3.553,3.408,4.004,3.231,3.221,3.238,3.586
NF2,1,4.34,4.105,4.059,3.931,4.059,4.072,1.091,3.77
NFATC2IP,1,3.272,3.574,3.884,4.674,1.024,2.918,2.065,4.618
HBS1L,1,0.951,-0.149,1.054,0.777,0.427,3.046,0.979,2.41
HCFC1,1,0.543,0.618,-3.604,1.03,-0.112,-0.083,0.373,-0.411
HDAC1,1,-0.272,-0.761,-1.719,-2.875,0.198,-0.031,-0.214,-1.749
HDAC3,1,0.591,1.607,0.696,2.019,2.379,1.075,0.344,0.473
HMGB2,1,2.376,2.156,5.498,-0.113,2.047,1.944,5.008,2.147
HEATR1,1,4.606,4.915,4.723,1.334,1.974,5.223,2.206,5.735
HELLS,1,2.814,6.53,5.216,6.746,2.143,1.212,1.007,6.303
HELZ,1,6.345,4.875,3.755,4.456,1.178,1.989,2.154,2.461
FBXO4,1,3.119,2.948,1.105,-0.04,1.072,-1.152,4.192,4.713
FBXO46,1,5.798,2.424,5.389,5.218,1.189,5.633,2.299,-0.036
FGD3,1,2.673,5.323,1.155,6.792,2.294,5.964,6.727,6.619
FIP1L1,1,-4.847,-6.778,-1.055,-0.747,-5.379,-1.672,-1.909,-1.272
FKBP3,1,1.007,0.094,1.612,-0.113,0.634,1.344,0.751,0.395
HIPK1,1,3.58,1.507,0.833,1.033,3.38,1.353,-0.025,0.594
HIRIP3,1,1.068,3.547,1.278,3.922,3.684,4.339,4.246,3.791
HAPSTR1,1,2.151,2.289,0.952,1.917,0.006,1.008,4.718,1.275
NKTR,1,2.429,5.248,1.06,5.251,1.166,2.26,1.097,5.386
NLRC3,1,1.085,1.601,0.789,4.122,3.076,2.981,1.163,1.283
NME2,1,1.072,1.273,0.028,2.863,0.862,0.618,-0.025,0.734
FAM169A,1,1.651,1.1,1.307,1.193,0.006,3.462,3.252,1.247
FAM53B,1,1.463,2.296,5.712,2.286,5.641,2.346,5.725,5.832
FARP2,1,-0.488,-3.663,-0.673,-4.171,0.07,-0.085,-0.337,-2.924
FASN,1,1.541,1.19,1.607,1.632,1.563,1.73,1.641,2.074
FTH1,1,-3.286,-2.474,-4.77,-3.028,-3.728,-3.978,-0.524,-3.949
OTUD4,1,-3.009,-3.014,-0.652,-4.171,-0.604,-3.139,-3.126,-0.12
OTUD7B,1,-3.801,-2.813,-2.69,-3.005,-0.047,0.24,-4.942,-0.279
OXCT1,1,1.252,0.653,3.253,0.389,1.147,1.188,2.042,0.481
PNN,1,0.623,1.777,0.796,2.107,0.644,0.424,0.188,0.288
POLA1,1,1.431,1.969,1.594,1.641,0.292,1.321,0.363,0.881
POLR1F,1,-6.185,-5.084,-4.438,-3.865,-5.406,-6.558,-5.531,-6.509
PLEKHA3,1,5.69,1.275,2.547,1.23,2.23,5.766,2.511,2.637
PLEKHF1,1,1.426,2.251,0.328,2.205,1.509,0.32,0.804,0.431
PAK1,1,-3.452,-1.698,-0.966,-0.93,-3.427,-3.037,-1.726,-3.606
OCC1,1,6.837,7.055,4.293,6.849,0.548,1.651,4.357,6.284
OCIAD1,1,-0.367,-4.833,-0.38,-1.011,-4.787,-0.221,-7.142,-0.999
OCIAD2,1,0.097,0.185,-0.722,-0.565,4.101,4.058,-0.009,3.656
ORC1,1,2.386,-0.358,2.645,-0.809,-0.093,2.292,2.448,-0.075
ORC2,1,0.027,-2.709,-2.471,-2.683,-1.284,-1.27,-2.048,-1.763
PATJ,1,0.126,0.619,2.334,-0.021,0.239,0.957,-0.187,2.61
PATL1,1,-0.836,-2.95,-3.328,-0.363,-0.722,-0.732,-3.323,-1.004
PGRMC1,1,-0.304,-0.415,-6.045,-0.032,-4.891,0.684,-4.148,0.12
PHACTR2,1,-0.33,-4.366,-0.329,-3.598,-2.853,-0.381,0.252,-0.183
PHC3,1,-0.466,-0.524,-0.022,-3.789,-0.438,-0.037,-3.039,-0.979
PHF14,1,2.018,2.046,1.921,2.527,1.421,1.35,1.592,1.896
PHF20L1,1,1.151,0.094,1.003,0.632,1.414,0.809,1.749,4.321
OSBP,1,3.622,2.833,-0.307,4.171,3.531,3.961,2.743,2.912
OSBPL11,1,1.892,4.653,0.914,2.549,1.878,0.804,0.981,2.03
PHF6,1,-0.959,-1.937,-1.486,-2.489,-1.292,-0.45,-2.348,-3.77
NFATC3,1,0.6,1.552,5.187,1.163,3.769,4.144,0.959,1.53
NOSIP,1,0.636,-0.078,0.013,-5.17,-2.72,-2.805,-0.642,-3.945
NFKBIE,1,3.094,0.981,0.041,-0.896,0.085,0.113,0.99,4.533
NFXL1,1,0.278,1.002,-0.45,1.821,0.596,0.755,0.22,-0.269
NIBAN2,1,-2.224,-0.213,-2.28,-3.658,-2.375,0.02,0.108,-0.292
NIFK,1,-2.658,-0.803,-0.363,-2.568,-2.661,0.264,-2.832,-3.517
PIK3C2A,1,4.342,4.494,4.275,4.212,3.872,1.727,1.824,4.315
PFKL,1,5.545,2.073,2.514,7.113,1.697,4.703,6.493,5.902
GSK3A,1,1.257,3.645,1.672,3.755,1.664,4.248,3.54,3.71
GTF2I,1,1.902,3.107,2.553,1.324,1.136,2.895,1.362,0.932
FKBP8,1,0.986,1.694,3.477,4.289,1.247,1.059,2.791,4.038
EXOSC10,1,-3.796,-3.847,0.283,0.489,-2.999,-3.34,-5.219,-4.341
EZH2,1,-2.89,-3.398,-2.973,0.464,-0.358,-3.213,-4.878,-0.302
PDE4A,1,3.943,4.222,0.881,4.514,3.69,3.958,-0.025,-0.036
PDIA5,1,-5.734,-6.354,-8.28,-8.632,-8.355,-6.379,-6.237,-8.342
POLR2M,1,0.288,0.494,0.612,2.385,0.44,0.192,1.338,-0.036
GPATCH8,1,4.296,4.237,4.419,4.738,0.989,4.411,1.256,4.442
GPBP1L1,1,1.198,4.061,0.622,4.457,1.089,1.191,3.282,3.592
GPKOW,1,-2.103,-2.704,-2.599,-0.162,-2.044,-0.111,-0.764,-2.423
GPR15,1,1.569,0.942,3.241,3.65,1.217,0.488,1.531,1.519
GIT2,1,-4.27,-3.918,-1.911,-4.873,-3.52,-4.302,-5.505,-4.719
GPR55,1,0.976,1.515,1.277,3.428,0.556,-0.086,1.272,0.719
GRK2,1,1.643,1.554,1.57,2.015,1.129,1.072,0.987,2.016
GSE1,1,-3.591,-2.908,0.207,-4.955,-0.482,-0.282,-0.177,-3.124
EIF2B4,1,-0.31,-0.503,0.171,0.13,0.077,-0.31,0.223,3.083
EIF3G,1,0.556,-4.384,-2.99,-4.104,-4.058,0.633,0.993,-3.16
ERBIN,1,0.288,1.94,1.943,1.807,0.006,1.64,3.943,1.988
ERCC6,1,2.429,5.172,5.299,0.971,2.207,1.062,2.06,5.365
ELAVL1,1,0.288,0.601,1.54,0.6,-0.046,0.149,1.345,1.902
ELMO1,1,-0.226,-2.024,-3.976,-5.195,-0.605,-0.171,-5.225,-0.422
GOLGA4,1,0.378,1.345,1.291,5.013,0.273,4.842,-1.161,-1.172
GPATCH4,1,-0.663,-0.374,0.13,-0.292,-0.757,-2.236,-3.682,-4.103
PPIP5K2,1,-0.369,-0.563,-0.629,3.795,-0.651,-0.107,-0.682,-0.693
PPM1G,1,1.053,0.93,0.827,1.053,1.055,1.057,1.067,2.286
PLIN3,1,-0.563,0.142,0.496,3.833,1.163,-0.823,2.318,2.194
PLPP6,1,0.288,0.565,0.028,2.509,0.53,-0.086,-0.025,-0.036
PML,1,1.295,0.626,0.067,2.717,0.406,0.508,1.076,3.012
PNKP,1,0.923,1.206,1.268,1.831,0.22,0.287,0.482,1.126
PCYT1A,1,0.232,5.784,-0.083,-0.177,4.65,4.199,4.677,4.657
PDAP1,1,1.128,0.094,0.962,6.403,0.006,0.884,1.081,0.767
PKP4,1,0.772,0.874,3.687,0.604,1.506,0.753,0.529,-0.036
PLCB2,1,3.134,7.491,2.85,7.603,1.528,7.248,-0.025,2.995
PPP1R11,1,1.405,-0.444,0.064,0.214,-0.532,0.248,3.069,2.787
PPP1R21,1,0.647,1.062,1.735,2.036,0.039,1.748,0.025,0.58
PPP1R3E,1,2.306,-2.107,2.207,2.473,1.868,1.871,2.145,2.377
RALB,1,-0.635,0.28,-0.612,-4.165,-0.274,0.413,-2.489,-0.043
RALBP1,1,1.484,3.495,0.479,3.391,-0.318,1.186,3.284,0.109
PPP3CB,1,2.454,3.137,3.047,4.368,0.811,0.241,2.564,2.308
BORCS5,1,1.149,1.898,1.021,1.711,0.989,1.806,4.639,0.917
BORCS6,1,0.288,0.094,0.028,0.216,1.704,3.844,-0.025,-0.013
BRD7,1,-1.344,-2.112,-1.471,0.135,-1.514,-1.528,-1.642,-0.506
BRIX1,1,-1.11,-1.118,-2.731,-3.498,-2.78,-1.703,-0.087,-2.596
PLEKHG2,1,2.476,2.526,1.254,5.765,1.336,1.558,0.861,5.985
PIP5K1A,1,4.513,1.392,1.274,5.331,0.069,3.502,5.262,5.492
PITPNM1,1,1.046,0.556,1.234,2.075,1.053,0.921,0.281,0.784
PJA2,1,1.127,4.219,4.558,6.363,1.601,3.84,1.535,3.771
BAP1,1,0.529,0.913,0.467,1.067,-4.093,0.905,0.605,-1.167
BIRC6,1,0.943,0.034,0.508,1.738,1.12,-0.692,0.895,1.286
BLM,1,2.231,0.684,2.023,2.281,-0.062,0.499,0.556,1.687
BLTP1,1,1.695,1.804,3.86,-0.113,1.725,-0.086,1.693,1.577
BLTP3A,1,-1.985,-2.22,-2.391,-2.412,-2.382,-2.297,-2.313,-2.871
BMP2K,1,2.132,6.163,5.331,1.258,5.219,2.263,5.352,2.002
BCL10,1,3.755,0.927,2.667,-0.113,3.551,-0.086,-0.025,1.703
ARHGEF7,1,5.922,6.05,5.97,6.69,5.751,5.706,5.579,6.193
PDLIM2,1,3.917,1.189,3.126,1.425,0.861,1.294,3.477,-0.036
PEA15,1,2.031,2.532,2.228,1.983,2.16,2.067,1.971,2.224
PECAM1,1,1.057,2.679,5.578,2.598,5.326,0.958,2.526,4.662
BCL7C,1,1.937,1.272,3.698,8.371,3.848,1.738,9.479,8.443
BCORL1,1,-5.502,-7.542,-0.905,-9.619,-5.833,0.376,0.319,-7.675
BIN1,1,-1.085,-1.408,-1.07,-2.397,-0.312,-0.455,-0.935,-0.515
BACH2,1,-0.487,-4.83,-4.903,-6.196,-4.788,-3.506,-3.463,0.114
BAG3,1,-1.266,-1.333,-1.557,-1.665,-0.732,-0.429,-0.62,-0.749
PURB,1,4.429,4.358,0.294,1.053,1.083,4.552,0.89,4.61
PVR,1,0.94,0.717,0.028,0.723,0.667,3.173,0.586,0.661
PXN,1,1.34,1.625,1.824,1.93,1.611,1.556,1.853,2.06
PYCR2,1,3.746,4.141,3.598,4.635,1.165,-0.077,4.175,-0.102
PSD4,1,2.637,0.221,1.786,3.319,1.538,2.126,0.235,2.404
PSIP1,1,0.841,0.344,0.346,-0.097,3.222,3.007,0.792,-0.195
PSMB6,1,0.288,1.521,4.9,4.864,0.006,0.66,3.971,-0.036
PSTPIP1,1,-1.276,-0.981,1.216,-0.653,-1.302,1.339,-1.847,0.827
PRPF6,1,5.286,5.512,5.358,6.399,4.466,4.813,4.63,5.793
PTGER4,1,-0.668,-0.823,-0.864,-4.381,0.025,0.109,-0.334,-2.533
PTPN1,1,-0.39,-0.682,-0.71,-4.138,-0.229,-4.908,-0.079,-3.984
PTPN22,1,4.621,1.989,0.939,5.344,1.872,3.971,1.766,-0.036
RECQL5,1,0.558,2.531,1.95,2.704,0.456,0.385,1.881,2.152
RELB,1,1.283,3.137,2.381,2.777,1.592,1.745,2.106,2.453
RELL1,1,0.85,0.557,0.675,0.535,2.239,0.299,-0.025,-0.036
REPIN1,1,-1.147,-0.884,-1.73,-0.978,-1.134,-1.246,-1.571,-1.504
PRKAB1,1,8.39,1.816,1.633,8.529,0.006,1.792,3.457,1.833
PRKAR2A,1,3.886,4.334,3.638,4.85,2.281,3.235,3.477,3.599
PRKDC,1,0.288,0.094,1.144,1.069,4.979,1.941,4.947,5.01
PPP2R5D,1,1.419,1.38,1.067,2.41,0.322,0.282,0.361,0.873
PLCH2,1,2.772,2.107,2.303,2.502,2.182,1.819,1.688,2.1
PROSER3,1,4.081,4.163,3.431,4.139,0.856,1.318,3.775,4.597
PRPF19,1,-1.018,-3.59,-1.22,-4.104,-0.699,-0.713,-0.578,-2.465
PRPF4B,1,4.049,1.124,0.122,-0.782,-0.663,-0.754,0.838,3.325
PPP6R1,1,0.48,4.245,3.894,4.985,-0.635,0.187,0.283,4.445
PRAG1,1,3.726,1.102,0.744,4.067,1.215,0.638,1.183,-0.036
PRDM11,1,1.503,0.094,0.028,2.679,6.867,1.497,-0.025,1.508
PRDM2,1,6.524,6.894,6.674,7.249,5.499,5.59,5.672,6.418
PRICKLE3,1,0.947,2.86,1.397,1.373,0.842,3.412,2.959,3.883
PRIMPOL,1,2.079,2.176,2.729,1.892,1.465,0.827,1.344,1.794
PPME1,1,0.288,3.583,1.316,1.604,0.365,0.476,0.299,2.648
PRR11,1,4.314,4.305,4.073,1.013,3.294,0.629,3.397,0.559
EMSY,1,-0.198,0.845,1.428,-0.439,0.052,-0.447,1.347,3.297
PTPN6,1,-4.346,0.099,-3.201,0.482,-5.793,-4.848,-4.697,-4.643
PTPRK,1,-5.13,-5.323,-5.39,-4.585,-4.791,-4.513,-5.443,-5.454
RALGAPA1,1,2.994,3.054,0.793,2.63,0.927,2.238,1.083,0.971
RALGAPA2,1,0.271,-0.132,0.005,-0.597,2.463,2.45,1.848,0.742
RALGPS2,1,0.288,0.83,1.816,0.785,1.911,0.532,3.976,0.597
RANBP1,1,1.318,1.62,1.455,2.539,0.585,0.879,0.961,1.14
RAB10,1,0.288,3.296,0.028,-0.113,1.424,3.486,1.487,-0.036
FOXP1,1,1.761,0.094,4.261,5.459,1.321,0.611,0.403,1.017
FRYL,1,-5.608,-4.744,-4.791,-6.334,-0.79,-1.077,-7.081,-7.092
FSD1,1,0.11,-0.083,-0.088,-0.965,1.022,0.001,3.188,3.668
EIF4G1,1,5.603,5.527,5.326,7.146,4.898,4.76,5.148,5.582
FTSJ3,1,6.744,6.94,7.358,1.833,6.873,7.051,1.826,7.631
FUS,1,1.188,1.493,1.744,0.761,1.029,2.736,0.802,3.901
FYN,1,-0.786,4.225,4.235,0.168,1.011,0.698,-1.68,4.016
G6PD,1,-3.349,-0.254,-2.671,-3.751,-0.513,-2.991,-2.185,-2.592
EIF2A,1,-0.212,0.413,3.068,4.788,0.078,0.215,-0.159,0.511
EIF2AK4,1,1.735,7.587,0.028,1.411,0.006,1.609,-0.025,1.596
DTX3L,1,0.474,1.384,0.413,4.28,3.438,-0.645,0.417,0.095
DUSP22,1,0.288,0.094,0.763,0.668,3.122,0.585,3.508,-0.036
DYNC1I2,1,2.285,0.094,2.151,5.391,1.461,1.042,-0.025,2.208
GAPDH,1,6.469,2.852,0.028,2.576,6.29,6.398,2.601,2.484
FOXN3,1,-1.362,-0.323,-2.496,-2.584,-2.86,-2.44,-3.054,-2.764
FOXO1,1,1.433,3.097,1.22,0.446,0.965,0.782,0.601,2.945
RAB5A,1,3.941,4.211,4.001,5.483,3.56,3.899,2.729,4.205
RABEP1,1,-3.309,-3.005,-1.298,-1.04,-1.245,-1.253,-1.175,-1.446
RACGAP1,1,1.704,1.904,1.958,2.475,0.761,0.921,1.364,2.28
DOCK10,1,-3.902,-4.06,-4.687,-4.569,-3.808,-0.592,-0.64,-3.721
DOCK11,1,-1.023,-1.217,5.16,7.161,-1.306,1.111,-0.134,1.259
DOCK7,1,1.279,1.798,0.091,0.64,2.424,1.051,2.512,0.865
EHBP1,1,0.686,0.779,2.088,1.607,0.252,-0.086,-0.025,2.082
EHBP1L1,1,0.646,0.793,0.788,1.79,0.235,0.271,0.313,1.916
SCML2,1,4.738,4.443,3.892,4.682,1.947,4.81,4.298,4.152
SCRIB,1,0.267,1.475,2.28,2.714,0.325,-0.666,2.098,0.091
SEC14L1,1,-1.905,-2.844,-2.412,-3.717,-2.837,0.317,-0.124,0.015
RTF2,1,0.288,3.572,3.587,4.323,0.006,-0.086,1.073,3.089
RTTN,1,1.408,1.361,0.028,5.197,0.006,-0.086,1.307,1.2
RUFY1,1,0.276,0.099,-0.501,3.894,-0.523,-0.615,0.499,-0.565
RUFY2,1,-8.13,0.389,0.42,-6.74,-6.71,0.553,0.532,0.418
SEMA4D,1,0.208,-0.401,0.171,-0.608,3.435,3.544,3.3,0.299
RC3H1,1,2.07,-0.557,1.825,2.173,-0.101,1.363,-0.112,1.871
RB1CC1,1,-0.585,-4.792,-1.176,-0.845,-0.159,-0.995,-0.606,-0.108
RBM12B,1,0.021,-0.03,0.245,1.556,0.232,1.833,-1.522,0.279
RBM15B,1,1.125,0.039,0.376,-0.145,0.361,2.926,1.181,0.484
RBM25,1,0.832,1.364,1.632,4.004,0.81,0.983,0.746,1.253
RBM27,1,5.01,4.987,4.995,1.542,5.142,5.036,1.927,4.371
RBM34,1,3.231,3.572,3.434,4.112,2.946,2.808,3.001,3.187
SCAF11,1,-7.156,-4.453,-5.72,-1.253,-2.265,-6.55,-7.469,-2.999
RASGRF2,1,3.366,0.195,3.079,3.662,3.328,3.201,1.206,3.659
RASSF2,1,0.664,0.521,0.78,1.85,0.284,0.592,0.178,-0.036
RAVER1,1,1.277,2.176,1.893,1.97,1.259,2.699,1.537,2.192
RPL37A,1,1.815,6.386,6.313,1.441,2.731,2.866,6.631,6.824
RPP30,1,1.586,1.745,1.396,1.845,0.938,1.324,1.485,1.657
RPS14,1,-1.231,-5.627,-4.342,-5.835,-5.179,-0.924,-1.667,-1.55
RPS26,1,-0.257,3.244,0.586,0.15,-0.158,3.406,3.121,3.802
RBMX,1,3.69,4.45,3.23,1.476,4.097,2.874,0.755,1.471
RAB3GAP1,1,7.561,1.622,1.609,8.039,1.402,7.395,2.997,7.821
RPS6,1,2.273,1.707,2.216,1.552,1.598,1.985,4.313,0.911
RIPOR1,1,2.96,0.094,1.244,-0.113,0.767,-0.086,3.044,-0.036
RIPOR2,1,3.771,4.339,4.215,4.521,3.659,3.838,4.155,4.598
RNF168,1,2.629,0.171,2.2,2.709,0.059,0.101,3.204,3.058
RNF213,1,0.551,-0.753,-2.611,-2.402,-3.491,-0.429,-1.859,-3.491
RNF214,1,-2.777,-2.737,-0.992,-3.042,-3.039,-3.307,-4.754,-2.165
RPA2,1,-3.091,-2.097,-2.64,-1.476,-2.411,-0.946,-1.954,-3.777
SIPA1L1,1,1.299,2.183,0.645,0.144,2.156,2.691,1.693,2.233
SIPA1L3,1,2.837,3.559,2.968,4.104,1.235,2.901,2.704,3.711
SKA3,1,0.965,4.358,3.683,1.342,-0.83,0.058,3.357,3.764
SLAIN1,1,0.521,3.483,0.837,3.634,0.576,-0.34,-0.678,-0.054
RREB1,1,1.067,4.501,3.43,-0.21,-0.253,0.688,-0.274,1.027
RRM2,1,-0.864,-1.352,-1.742,-2.068,-0.584,-0.328,-0.666,-0.895
RSL1D1,1,-0.513,-0.361,0.555,0.53,-0.9,-0.934,-5.25,-0.36
RSRC2,1,2.146,1.45,0.399,3.546,0.309,0.577,-0.025,0.588
REXO4,1,1.045,0.753,1.335,-0.113,0.006,-0.086,2.509,0.717
SLAMF1,1,0.613,0.616,0.914,1.988,0.493,0.757,0.353,3.201
SLAMF6,1,-0.672,-0.695,-0.522,-3.237,-0.075,-4.968,-3.884,-4.246
SLAMF7,1,0.5,1.602,1.472,0.675,1.589,3.875,1.323,3.442
SH3KBP1,1,1.382,0.472,1.392,3.394,1.184,-0.086,3.221,0.824
SLC25A19,1,0.288,0.773,4.32,0.714,0.745,1.482,4.049,0.811
SLC4A1AP,1,1.109,0.746,1.012,1.118,0.728,0.983,0.466,2.864
SLC4A2,1,0.127,-3.86,-3.841,-6.563,0.137,-0.56,-0.148,-0.378
RFX7,1,0.283,0.407,-2.549,-2.639,-3.299,-4.517,-2.49,-0.028
RFXAP,1,3.375,3.485,2.542,4.152,2.066,0.773,0.469,2.764
RGS14,1,-3.963,-3.833,-5.514,-3.812,-4.013,-1.161,-1.862,-4.451
SEC23IP,1,0.194,1.796,0.549,1.851,0.105,0.268,0.981,0.415
RPL29,1,-0.032,-0.407,-5.864,-4.756,-4.648,-3.841,-3.868,-4.753
RGS19,1,6.005,6.195,6.16,6.633,2.36,6.235,2.34,2.422
RIC8A,1,-1.856,-2.242,-2.134,-2.139,-1.2,-2.299,-3.767,-1.634
RILPL2,1,-3.662,-3.468,-3.783,-3.393,-1.395,-1.19,-3.638,-3.766
SENP1,1,3.817,4.158,3.967,0.212,1.015,1.134,3.725,3.364
SENP7,1,-3.677,0.163,-0.018,-0.088,-4.733,-5.933,-0.34,-4.731
SEPTIN9,1,4.331,4.123,4.297,4.536,3.359,3.278,3.079,3.23
SARNP,1,-0.399,0.24,3.804,1.233,1.12,1.022,-0.073,0.367
SBF1,1,0.881,2.399,0.774,1.129,2.483,3.254,2.906,4.107
RFLNB,1,1.769,2.205,0.888,2.581,0.006,-0.086,0.459,2.528
RFTN1,1,2.173,3.314,2.782,3.124,3.452,2.223,3.764,3.915
RFX1,1,-3.737,-1.072,-4.158,-1.515,-1.478,-1.068,-3.963,-1.167
E2F7,1,2.712,1.185,0.028,0.983,2.892,0.889,1.286,0.972
SLC12A2,1,1.2,1.543,1.235,2.027,0.786,1.155,0.791,1.534
SLC19A2,1,4.724,0.094,4.495,1.077,1.065,1.55,5.234,1.017
SLC1A4,1,0.913,0.094,5.945,1.121,1.231,0.899,-0.025,1.205
SAFB2,1,1.746,0.804,4.716,0.98,1.591,0.911,0.893,5.368
SAMSN1,1,2.892,2.979,2.954,2.911,2.685,2.537,2.595,2.689
SARAF,1,3.459,0.4,1.493,3.607,0.568,3.017,1.637,2.016
RPS9,1,-3.92,-4.88,-4.059,-4.05,0.306,-3.092,-3.258,-3.941
ENSA,1,0.894,2.016,0.828,2.024,2.209,1.54,1.64,2.041
DOK2,1,1.532,1.655,0.028,0.922,0.796,4.357,3.728,1.076
DOP1B,1,0.775,1.007,1.593,1.249,0.558,1.008,0.677,1.864
DHX16,1,0.36,0.591,0.488,2.077,2.447,0.95,1.93,0.814
DLGAP5,1,0.592,2.068,0.42,0.688,0.005,1.642,1.793,2.157
DMXL1,1,0.096,-3.052,-1.22,1.041,0.351,-1.583,1.224,0.725
DNAJC1,1,0.303,-0.562,-5.729,0.194,0.383,-1.282,0.117,-0.567
DYNLL1,1,1.822,3.898,1.045,3.218,3.028,1.233,0.875,3.547
DGKQ,1,-4.386,-0.095,-2.895,-3.389,0.14,0.25,-0.422,-0.364
DHCR7,1,3.686,3.566,3.541,3.943,2.632,2.643,2.53,3.028
DNAJC21,1,-2.851,-3.036,-0.715,-1.886,-1.298,-1.178,-0.695,-1.18
ERCC6L,1,0.96,-0.41,-0.477,0.026,0.228,-0.59,0.069,3.126
ERF,1,4.455,4.592,4.447,4.846,4.28,3.961,4.255,4.588
ESYT1,1,0.288,5.577,6.11,2.433,0.006,1.127,-0.025,2.514
ESYT2,1,4.041,4.341,1.334,1.888,4.112,4.158,4.479,4.552
ETV6,1,0.142,0.273,-0.539,0.123,0.27,0.316,3.552,1.012
DDX3X,1,0.341,1.03,0.482,1.649,0.371,0.748,1.771,1.106
DDX41,1,-2.271,-2.195,-2.468,-3.775,-2.897,-4.067,-2.886,-4.024
DDX42,1,-0.666,-5.679,-0.561,-6.042,-9.382,-0.923,-1.424,-0.368
CYTIP,1,1.852,1.844,-0.161,5.68,-0.183,1.358,4.232,4.741
CHD4,1,0.288,0.61,0.028,0.687,2.421,5.624,5.917,5.175
DENND4A,1,1.084,2.468,2.125,6.47,0.972,0.964,2.293,1.296
DFFA,1,5.154,4.838,4.898,5.215,4.41,4.284,4.454,6.019
DGCR8,1,0.11,-0.313,0.011,-0.42,-0.444,-0.12,-0.842,-4.408
SFPQ,1,1.685,2.136,2.009,2.556,0.759,1.903,2.19,2.265
ANKHD1,1,-0.452,-3.829,-3.838,-4.848,-2.793,-2.712,0.308,-2.873
SLC7A6OS,1,0.601,0.577,0.189,0.317,0.643,0.887,0.812,1.678
SMAP1,1,-4.549,0.397,-2.551,-0.479,-0.319,0.005,-0.285,-0.302
SMARCA5,1,-2.693,-2.962,-2.158,-3.366,-2.354,-0.869,-2.635,-2.189
SMARCB1,1,0.734,0.454,0.08,1.678,-0.386,-0.14,0.027,-0.022
STIP1,1,2.37,2.336,0.028,2.733,5.55,0.968,1.442,1.033
SNW1,1,-2.534,-3.447,0.812,-2.119,-2.377,-2.3,-3.121,-3.474
ATP5F1B,1,-0.056,0.456,-1.434,-2.611,-0.12,-1.658,-0.524,-1.518
ATXN1,1,1.103,1.185,0.13,0.015,0.134,3.852,3.818,3.75
ATXN7L3,1,-0.015,-3.638,0.152,-6.243,-3.719,-0.323,-3.597,0.013
ASXL1,1,1.363,4.616,0.079,-1.115,4.347,-1.087,1.109,0.141
ASXL2,1,1.01,0.794,1.444,0.448,0.579,3.771,3.904,0.448
SIK3,1,3.5,1.04,4.192,3.594,4.105,-0.473,3.75,1.233
SERBP1,1,0.059,-1.967,-0.776,-0.283,-1.106,-0.208,-2.037,-0.396
SF3A2,1,0.288,1.293,0.479,1.748,0.006,3.709,0.845,0.913
ATF2,1,0.392,0.187,0.312,3.481,-0.482,-0.05,-0.245,0.515
ATF7IP,1,1.132,1.299,0.44,1.306,0.965,1.38,1.519,1.501
ATG16L1,1,0.85,1.155,1.225,1.697,0.126,-0.061,0.856,0.923
ATN1,1,-0.563,3.64,3.137,3.746,0.693,1.298,3.935,4.543
ARID4A,1,1.265,1.271,1.125,3.88,-1.001,4.967,3.423,1.383
ARID4B,1,-2.329,-3.83,-3.581,-3.35,-0.994,-3.236,-0.713,-3.581
ARID5A,1,-1.436,-0.783,-1.216,-4.262,-1.007,-1.04,-2.875,-4.185
ATP2B4,1,-1.231,-1.873,-1.152,-1.721,-0.262,-3.62,-2.001,-4.295
RRBP1,1,-4.509,-0.529,-5.228,-6.93,-1.466,-0.888,-5.515,-4.537
ARK2N,1,0.288,0.519,0.469,0.547,0.232,2.25,0.802,0.697
ASAP1,1,1.22,3.62,1.201,3.598,0.452,4.204,1.329,2.013
ASB3,1,5.772,5.634,5.867,5.764,5.871,5.618,4.91,5.379
ARHGAP9,1,-1.695,-1.009,-0.992,-0.686,-0.177,-0.839,-1.193,-0.521
ARHGDIA,1,3.9,3.927,3.689,4.787,2.47,2.769,2.72,2.86
ARHGEF1,1,2.126,3.994,0.028,2.2,1.561,1.131,1.663,4.391
ARHGEF12,1,0.288,0.549,1.531,0.449,0.566,1.02,3.598,0.739
TCF12,1,0.288,1.21,2.348,0.985,1.254,-0.086,1.193,5.617
SPG11,1,0.961,1.007,0.003,3.762,3.374,0.039,0.022,0.842
SPHK2,1,0.288,1.223,2.365,0.039,0.554,1.16,4.923,2.247
SPINDOC,1,0.288,9.344,9.606,9.755,9.566,3.911,3.84,9.487
SPN,1,7.062,7.412,7.341,8.221,7.422,6.885,7.215,7.815
SPNS1,1,0.867,0.146,3.307,3.606,2.779,2.461,3.429,0.175
SPRY1,1,1.101,1.705,0.715,0.625,2.996,1.53,0.742,3.788
STAT4,1,-5.361,1.714,1.841,1.584,-3.909,0.835,1.721,1.877
SPAG5,1,-2.585,-2.807,-0.867,-1.188,-4.055,-1.614,-0.742,0.209
SPAG7,1,-2.929,-2.793,-3.181,-4.187,-2.561,-3.38,-0.146,-2.533
TBC1D13,1,1.401,0.818,0.709,0.723,3.489,4.266,0.757,0.648
TBC1D15,1,4.984,5.488,5.171,6.536,4.144,3.674,3.879,4.553
TBC1D2B,1,4.465,4.071,2.349,1.921,1.454,0.567,2.153,3.141
TBC1D5,1,0.849,5.948,1.923,0.512,-0.923,-1.015,5.895,0.64
TBC1D9B,1,1.358,1.693,1.559,2.187,1.514,1.856,1.672,2.261
TCEA3,1,0.815,1.447,1.718,1.451,1.124,3.489,0.959,1.122
SNRNP200,1,4.045,4.264,4.032,4.843,3.852,3.261,3.693,3.897
SNRPA1,1,-2.178,-3.52,0.131,-2.073,0.371,-1.894,-2.896,-2.774
SNRPC,1,1.197,0.686,1.078,0.082,4.252,2.904,3.248,3.576
SNTB1,1,2.986,6.656,2.887,7.073,5.649,-0.086,2.542,-0.036
SGPP1,1,0.288,1.157,0.951,1.838,2.958,2.059,2.858,1.171
SNX27,1,0.288,0.094,0.715,0.87,1.631,-0.086,0.79,4.741
SON,1,-0.979,-1.176,-0.452,-2.854,-0.642,-0.813,-0.661,-1.33
SOS1,1,-1.864,-2.031,-1.729,-2.637,-1.261,-1.486,-2.063,-2.534
SMARCC1,1,0.483,0.864,0.647,1.519,-0.453,-0.174,-0.026,0.326
SMC4,1,6.61,1.203,0.028,1.303,1.163,1.183,2.112,1.534
SMG1,1,-0.858,-0.907,-0.762,-0.852,-1.016,-1.171,-2.094,-1.292
SMG6,1,-0.566,-0.96,-0.535,-0.835,-1.322,-0.643,-1.389,-2.217
SMG8,1,0.002,-3.957,-3.846,-3.142,-2.854,-4.016,-3.738,-3.786
SPATA13,1,-2.125,-0.501,-2.631,-3.042,-2.771,-0.317,-0.755,-0.52
SPATA2,1,1.33,1.557,1.883,2.127,1.592,1.335,1.428,1.825
SNRK,1,-0.273,-3.729,-7.076,0.323,-0.095,-4.262,-0.167,-0.846
DDX10,1,6.011,5.786,5.052,6.711,4.053,4.278,5.377,5.706
DDX39A,1,-3.057,-2.739,0.282,-0.78,-0.662,-2.818,-0.428,-3.307
SRSF10,1,0.288,0.094,5.866,1.065,1.176,1.171,5.997,1.257
SRSF2,1,-0.522,-1.891,-4.971,-6.569,-1.573,-2.508,-2.235,-5.771
SRSF9,1,5.458,5.446,1.825,0.767,5.153,4.906,5.315,2.606
STK17B,1,2.368,1.994,5.127,5.694,4.841,0.801,0.737,5.06
STRN4,1,2.845,2.964,3.003,4.1,2.975,3.284,2.937,3.163
STX5,1,1.229,2.027,0.929,4.306,1.118,0.82,0.518,1.739
DBF4,1,-0.424,-0.147,-2.944,-1.176,-0.226,0.596,-0.267,-2.237
DBN1,1,-4.504,-5.897,-0.757,-4.666,-5.807,-6.099,-4.506,-7.333
DCAF15,1,4.015,4.154,4.027,4.237,3.685,3.066,4.25,4.45
DCK,1,-2.888,3.878,3.754,-1.53,-1.692,-1.723,3.382,-1.609
DCP1B,1,1.575,2.297,1.253,2.987,0.819,2.055,2.191,2.955
CSRP1,1,0.855,0.094,0.957,2.871,0.006,0.522,-0.025,0.403
CTU2,1,1.152,3.031,0.822,0.213,-0.507,2.549,2.628,-0.036
DDI2,1,-0.549,1.676,4.94,-0.951,0.445,0.315,5.344,5.572
CORO7,1,0.474,0.094,0.555,1.787,0.006,1.877,-0.025,2.501
CUL4A,1,2.057,0.392,6.288,6.382,6.197,6.315,6.624,1.865
CUSTOS,1,-3.399,-5.615,-3.253,0.46,-0.073,-0.047,0.28,-1.622
CWF19L2,1,-2.438,-4.53,-3.279,-1.199,-2.574,-1.557,-1.694,-3.872
CYREN,1,0.416,1.103,-0.658,0.267,0.081,0.179,0.127,3.616
EDC3,1,3.593,3.078,3.376,3.397,3.486,3.166,1.78,2.737
EEF1AKMT2,1,-3.824,-3.865,-3.862,-6.465,-3.899,-3.679,-0.157,-0.352
EEF1D,1,-1.757,-0.005,-4.635,-5.441,-4.575,-1.743,-5.635,1.284
SPTBN1,1,-0.454,2.483,-0.05,3.277,-0.737,-0.828,-0.121,-0.003
CSNK1D,1,-0.157,-0.89,0.398,3.961,0.977,-0.275,0.921,-0.161
CLCC1,1,4.692,5.098,4.519,1.513,4.46,5.028,1.852,4.815
CLN6,1,1.526,1.545,1.532,1.554,1.248,1.332,1.346,1.283
ABCC4,1,-2.85,-5.366,-4.894,-5.574,-4.204,-3.746,-0.049,-2.984
ABCF1,1,4.97,6.271,5.712,5.811,2.991,3.894,3.13,4.382
ABL1,1,-0.058,-0.178,-0.172,-3.334,0.198,0.385,-2.369,0.052
CNOT4,1,7.384,2.462,7.138,6.517,4.663,3.145,3.264,3.309
TRIM37,1,0.908,1.748,2.25,2.055,2.586,0.936,1.782,2.436
TRIM56,1,-1.86,-1.186,-1.884,-0.551,-0.88,-0.107,-2.097,-3.111
TRIT1,1,0.256,5.87,0.819,4.264,0.167,2.154,-1.557,1.392
TRMT10A,1,-0.521,-4.261,-2.169,-1.752,-1.093,-1.623,-1.416,-3.896
TRMT1L,1,0.879,0.094,0.72,2.656,0.868,1.089,2.629,2.729
TRMT2A,1,-3.71,-1.27,-0.957,-5.526,-4.591,-0.69,-4.874,-1.357
TSC2,1,0.288,0.094,5.159,0.727,0.658,-0.086,1.915,1.698
TSC22D4,1,-1.083,-1.241,-1.669,-1.777,-0.537,-0.934,-1.532,-1.118
TAF1,1,-3.727,-3.921,-3.393,-4.129,-3.334,-0.893,-2.729,-3.758
TAF2,1,1.304,1.922,0.856,4.787,0.937,-0.086,1.047,4.745
SUDS3,1,2.199,-1.57,-6.73,-3.588,-3.603,-5.66,-4.19,-0.531
TAF3,1,3.037,0.873,0.711,1.611,1.251,0.731,3.598,0.788
TAF9,1,-2.033,0.051,-2.259,-3.245,-3.958,0.154,-2.791,-2.516
TASOR2,1,2.335,4.264,1.783,0.845,4.624,2.01,4.488,0.914
TBC1D1,1,1.417,5.359,1.637,5.978,1.331,4.338,1.635,0.392
SYTL2,1,-3.257,-3.379,-2.67,-4.305,-4.186,-3.686,-2.866,-3.711
SUGT1,1,1.586,1.312,1.734,2.133,0.91,1.156,1.915,2.499
SUZ12,1,0.288,0.094,0.333,0.622,0.006,3.323,-0.025,0.671
TNIP1,1,1.081,3.301,0.741,3.394,3.869,-0.142,3.633,0.402
TNRC18,1,-1.665,-0.164,-1.718,-2.662,-0.129,-0.315,-0.56,-1.615
TNRC6C,1,1.298,4.453,1.896,3.594,5.024,1.745,4.311,4.488
TAB3,1,-4.265,-0.81,-5.732,-1.443,-0.425,-0.337,-0.489,-5.841
TACC1,1,2.686,0.864,2.66,3.135,2.29,3.119,3.164,3.468
TACC3,1,4.767,2.27,4.848,5.006,4.828,5.308,5.27,5.607
STX6,1,0.703,0.964,3.424,0.797,1.07,1.221,0.468,0.511
SSBP3,1,1.547,1.861,1.945,2.553,1.023,1.26,1.898,1.785
SSH2,1,1.632,0.682,3.599,0.738,1.591,4.392,3.367,3.548
STAT3,1,1.093,0.605,2.641,3.14,0.006,0.387,0.897,2.775
TOMM22,1,0.657,1.016,0.222,0.867,1.386,1.058,1.086,1.831
TOP2A,1,2.595,1.017,2.745,3.406,1.877,1.921,0.406,0.069
TMEM238,1,2.66,3.393,3.417,3.555,2.824,2.609,2.616,3.51
TMSB10,1,2.666,6.047,4.288,6.861,0.539,0.599,0.326,1.486
UPF1,1,4.606,3.428,1.643,-0.018,0.341,-0.848,5.231,-0.129
VIM,1,2.338,3.005,2.87,3.591,2.072,1.973,2.048,2.051
USP20,1,1.333,1.589,1.089,1.727,0.958,1.168,1.286,1.228
USP24,1,-1.196,-4.3,-5.331,-4.472,-0.048,-5.376,-4.183,-6.655
USP28,1,4.272,3.909,5.035,1.837,1.653,3.481,4.148,0.557
TRA2A,1,-5.85,-5.454,-6.047,-0.493,-1.423,-0.088,-4.341,-0.665
TRAF1,1,1.945,0.667,1.018,1.124,2.257,0.642,3.155,1.304
TRAF7,1,1.069,3.839,1.205,3.844,0.011,0.752,1.035,3.472
TLN1,1,2.78,2.767,1.211,3.145,2.379,0.878,0.693,1.515
TLNRD1,1,0.848,1.538,1.173,1.655,0.915,3.453,0.096,1.945
TMEM109,1,4.116,4.199,4.111,4.476,3.271,3.405,3.35,3.781
TMEM201,1,0.288,0.682,0.47,2.097,0.006,0.335,-0.025,2.552
VAMP3,1,1.681,1.682,2.119,2.108,1.403,1.678,1.369,2.169
UNC45A,1,0.788,-0.081,2.928,2.331,-0.106,0.134,0.779,0.129
UNG,1,0.576,-6.681,0.108,-4.596,-0.918,-6.747,-5.575,-6.898
UNKL,1,1.224,1.091,3.617,1.265,0.203,4.314,0.195,4.332
TEX2,1,-2.356,-1.798,-3.102,-2.392,-1.999,-2.164,-1.759,0.075
THEMIS,1,-1.281,-1.704,-1.424,-1.767,-0.784,-0.8,-0.755,-0.802
THEMIS2,1,0.35,0.186,2.028,1.542,0.478,1.705,1.744,1.77
THOC5,1,2.202,2.396,2.071,2.349,1.282,1.573,1.596,2.026
TMSB4X,1,5.684,5.375,5.263,7.393,-0.255,3.631,0.123,3.422
TMX1,1,1.515,1.639,1.526,2.379,0.37,0.491,0.142,1.404
TNIK,1,-0.603,-0.622,-1.285,-1.167,-0.826,-0.794,-1.439,-1.945
TINF2,1,0.216,0.383,-2.669,-2.832,-2.099,-1.966,-1.94,-2.027
TTC39B,1,2.796,6.963,8.091,6.994,1.22,2.236,6.165,7.34
TTF1,1,-3.092,-3.014,-1.735,-2.385,-3.275,-2.555,-2.485,-2.446
TUBA1B,1,-1.608,-1.671,-2.194,-1.748,-1.496,-1.75,-1.727,-1.984
TXNL1,1,1.23,5.023,0.28,0.458,1.529,4.726,0.393,4.902
U2AF1,1,4.001,1.028,3.228,4.188,0.839,3.721,3.688,4.478
U2SURP,1,1.585,4.072,3.535,4.109,0.006,-0.086,-0.025,-0.036
TCF20,1,-1.052,-1.2,-0.982,-6.556,-0.592,-0.728,-1.107,-0.632
TERF2IP,1,4.491,2.002,4.502,6.181,0.213,4.969,1.402,1.779
YTHDF2,1,2.06,1.201,1.073,1.843,4.694,-0.086,-0.025,2.002
WDR20,1,1.867,1.7,3.465,0.968,0.871,1.571,0.987,-0.036
WDR26,1,2.288,1.108,2.17,0.667,2.323,2.206,2.063,4.985
WDR4,1,-1.515,-1.87,-4.75,-6.001,-1.55,-1.689,-1.62,-1.375
ABR,1,2.314,5.394,1.136,5.473,1.204,1.016,5.163,5.314
WDR74,1,1.404,1.748,1.7,2.733,1.153,1.141,1.206,2.058
WIPI2,1,6.198,2.105,6.917,0.577,6.665,0.061,0.717,2.476
YY1,1,0.288,1.126,1.228,-0.113,0.006,4.558,-0.025,0.997
ZNF106,1,1.471,3.752,0.95,1.092,0.418,1.973,1.751,4.086
AASDH,1,5.189,5.872,5.195,5.859,5.067,4.872,4.755,5.243
ZNF185,1,0.535,1.121,3.667,0.111,1.027,1.059,1.161,1.254
ZNF22,1,0.651,0.456,0.631,0.736,0.928,0.999,1.182,1.557
WASHC2C,1,0.665,0.211,-0.279,2.838,0.895,0.097,0.103,1.638
WBP11,1,0.993,1.185,1.037,1.289,0.951,1.107,1.372,1.961
YWHAQ,1,1.214,5.218,2.124,5.202,5.204,1.823,0.968,5.162
AIMP1,1,1.578,3.974,4.026,5.038,0.712,3.161,-0.775,0.799
YTHDC2,1,2.368,7.704,1.064,0.815,1.168,1.729,5.683,5.62
ZNF551,1,3.657,0.139,3.806,4.485,0.19,1.016,4.097,4.159
ZFC3H1,1,5.697,5.625,5.525,5.861,5.196,1.895,5.178,5.841
ZFP36L2,1,2.345,1.896,2.166,5.035,1.123,2.595,0.69,2.874
ZFPM1,1,-2.699,-3.527,0.466,1.974,-2.879,-2.871,0.282,-2.821
ZFYVE16,1,0.288,0.094,0.028,4.267,0.676,-0.086,1.54,1.652
ZGRF1,1,-0.541,-1.375,-1.537,-1.612,-1.109,-1.463,-0.277,-0.535
ZHX3,1,2.828,2.575,3.138,3.293,1.258,2.263,-0.025,3.162
TP53BP2,1,0.382,0.962,3.019,-0.084,3.21,0.946,0.149,-0.663
TPX2,1,-1.44,-0.588,-0.354,-1.533,-1.938,-2.226,-0.7,-2.832
ZNF174,1,-1.342,-2.906,-1.705,-2.843,0.54,-0.509,-2.315,-2.266
ZC3H3,1,2.707,6.71,2.822,7.227,6.496,2.758,2.717,2.887
ZC3H8,1,-1.464,-2.617,-0.392,-1.695,-1.593,-1.937,-2.981,-2.992
ZC3HAV1,1,-0.937,-2.411,-0.113,-3.541,-2.468,-0.361,-2.77,-3.227
ZC3HC1,1,1.945,2.426,4.356,4.161,3.399,1.158,2.218,4.227
ZDHHC20,1,-3.662,-3.424,-4.075,-3.713,-0.366,-0.192,-4.261,-1.633
ZNF395,1,0.288,1.21,4.945,4.859,2.001,-0.086,2.098,0.782
ZNF408,1,1.102,0.857,1.401,0.545,0.747,0.688,4.242,3.833
ANK3,1,1.207,1.792,1.538,0.742,0.006,1.601,3.708,1.46
UBXN4,1,4.051,5.018,2.036,4.581,1.041,-0.086,2.034,2.039
ZNF654,1,1.908,1.424,0.678,1.824,1.591,1.582,1.476,0.519
ZNF692,1,3.547,2.642,2.75,1.43,0.593,2.371,2.64,0.588
ZSWIM8,1,2.185,1.033,1.992,4.11,0.006,3.926,1.586,1.393
ZW10,1,0.288,2.905,0.785,3.317,2.562,0.48,2.767,2.931
ARHGAP10,1,-2.53,-3.045,-2.744,-2.663,-0.839,-1.677,-2.497,-2.548
ANKRD12,1,4.551,5.127,4.122,5.59,4.383,4.623,4.367,4.741
ANKS1A,1,-1.582,-1.178,-1.794,-4.693,-1.159,-0.208,-1.364,-4.662
ANLN,1,1.23,0.945,1.239,5.435,0.612,-0.086,1.422,0.807
ANP32A,1,-0.238,1.232,-0.68,2.002,-0.023,0.211,1.951,2.746
WDHD1,1,-3.136,-2.176,-0.899,-0.083,-3.241,-3.217,0.588,-3.36
ZNF280C,1,3.823,3.954,1.412,4.446,0.542,1.175,3.954,1.654
ZNF367,1,-2.175,-3.064,-2.505,-3.013,-2.354,-2.618,-0.256,-3.094
YTHDC1,1,0.306,-0.125,-4.506,-3.635,-2.91,-0.156,-3.786,-0.008
AP3D1,1,2.378,2.759,2.474,2.951,1.066,1.247,1.955,2.249
APC,1,1.989,0.094,4.411,4.572,4.106,1.616,1.583,1.691
AKT3,1,0.493,0.764,4.459,1.276,0.465,1.401,2.19,-0.036
ALG3,1,0.709,1.128,0.644,1.131,1.234,1.387,1.354,1.71
ALKBH5,1,0.253,4.543,2.321,1.781,1.844,1.663,3.047,1.374
ANAPC2,1,0.288,5.133,4.118,0.741,0.847,0.824,4.698,0.794
ARFGAP2,1,0.046,0.069,-0.062,4.05,-0.877,-0.105,-0.058,-0.919
ZBTB3,1,0.84,1.366,3.246,3.331,2.955,3.637,3.586,3.418
ZBTB48,1,2.881,1.134,4.562,3.047,3.497,0.48,1.354,1.215
ZC3H11A,1,2.329,3.003,2.608,3.492,1.573,1.736,2.306,2.934
ZC3H12A,1,-2.603,-2.118,-2.655,-3.493,-3.374,-2.912,-2.892,-2.963
WRAP53,1,-0.32,-2.551,-1.66,0.145,0.146,-0.052,0.272,-0.182
WRNIP1,1,4.779,1.322,1.479,0.046,0.208,1.128,4.631,4.939
XBP1,1,-0.577,0.16,0.813,0.037,0.069,-0.951,-0.89,3.923
YJU2B,1,0.288,1.721,0.028,4.085,0.96,1.885,4.39,1.346
